calls_per_hour,avg_call_duration,contact_degree,spam_report_count,is_spam
3.83,163.78,11,1,0
1.75,77.09,6,0,0
1.01,280.0,7,1,0
3.91,198.86,6,0,0
3.48,124.06,6,0,0
3.03,210.32,1,0,0
3.07,142.15,10,0,0
4.13,131.05,5,0,0
0.65,138.37,6,0,0
2.11,169.52,9,0,0
3.9,149.15,6,1,0
1.22,161.83,3,0,0
5.73,180.9,1,0,0
1.8,181.38,8,0,0
2.93,190.09,3,0,0
54.02,5.53,0,10,1
4.75,279.94,8,1,0
1.07,133.46,7,0,0
0.54,175.04,4,0,0
4.41,226.92,3,1,0
1.46,144.94,9,0,0
4.45,115.95,4,0,0
0.83,164.73,3,0,0
7.68,260.95,6,0,0
66.26,11.48,0,22,1
2.13,186.54,4,0,0
41.98,10.02,0,10,1
0.7,124.56,6,0,0
39.34,1.89,0,12,1
6.08,179.86,6,0,0
3.73,232.94,6,0,0
4.07,251.83,6,0,0
87.28,13.71,0,7,1
123.55,7.34,0,14,1
4.82,163.97,6,0,0
1.56,187.29,5,0,0
58.76,19.84,0,8,1
61.24,4.9,0,21,1
42.08,4.37,0,23,1
2.28,175.27,5,0,0
69.03,1.66,0,13,1
85.14,9.26,0,12,1
5.66,247.49,10,0,0
2.86,102.86,9,0,0
1.14,150.98,6,0,0
42.77,12.72,0,7,1
80.42,3.96,0,9,1
74.04,1.36,0,7,1
3.85,203.55,6,0,0
2.55,233.51,8,0,0
39.03,1.34,0,33,1
84.12,1.5,0,10,1
4.05,110.12,10,0,0
2.77,118.4,7,0,0
1.19,45.26,10,0,0
3.06,177.9,9,0,0
1.97,197.64,9,0,0
2.72,253.64,2,0,0
6.55,169.66,9,0,0
9.93,121.4,9,0,0
1.97,127.55,7,1,0
33.19,1.74,0,12,1
75.23,7.19,0,6,1
31.59,4.56,0,25,1
3.4,165.88,7,0,0
3.52,87.3,5,0,0
3.72,118.36,5,0,0
4.44,250.73,5,1,0
55.39,8.15,0,9,1
46.23,8.33,0,18,1
2.18,122.11,1,0,0
4.93,102.94,7,0,0
4.08,264.12,7,0,0
3.1,144.54,6,0,0
2.84,263.73,6,0,0
3.67,175.46,8,0,0
4.24,88.66,3,0,0
1.34,196.43,6,0,0
1.81,71.11,5,1,0
34.54,22.53,0,15,1
3.4,271.11,4,0,0
2.64,165.02,10,0,0
45.93,7.63,0,40,1
8.56,228.33,7,0,0
2.96,219.62,4,0,0
1.27,131.41,6,0,0
2.04,77.04,5,0,0
1.69,305.47,5,0,0
85.59,1.57,0,16,1
46.86,2.06,0,15,1
34.12,8.44,0,5,1
2.13,123.06,4,0,0
1.49,259.26,5,0,0
4.83,209.52,7,0,0
2.67,153.85,4,0,0
63.26,10.51,0,23,1
5.74,119.94,6,0,0
6.77,86.1,2,0,0
8.56,110.22,6,0,0
3.14,174.1,2,0,0
2.07,208.52,7,0,0
2.82,149.78,5,0,0
1.41,113.71,6,0,0
48.34,1.19,0,14,1
5.15,274.34,4,0,0
6.7,162.73,5,0,0
3.34,261.56,3,0,0
1.11,150.96,5,0,0
95.31,10.45,0,20,1
2.08,224.98,7,0,0
4.03,192.6,10,0,0
2.01,111.95,1,0,0
57.6,1.24,0,16,1
2.0,223.91,6,0,0
0.55,109.55,7,0,0
67.32,9.91,1,23,1
3.81,223.93,8,0,0
4.01,229.83,5,1,0
4.13,308.58,3,0,0
2.83,229.87,6,0,0
4.05,140.58,4,0,0
3.01,229.99,7,0,0
57.52,1.27,0,31,1
2.14,207.6,5,0,0
1.42,193.12,8,0,0
24.46,30.57,0,23,1
2.13,211.62,6,1,0
39.09,9.14,0,14,1
3.13,193.93,4,0,0
2.3,95.46,1,0,0
50.67,16.74,0,12,1
2.42,173.76,2,0,0
5.71,227.89,4,0,0
10.94,177.13,7,0,0
32.76,7.65,0,13,1
111.68,3.23,0,11,1
31.16,8.54,1,12,1
44.54,8.7,0,10,1
2.25,130.52,10,0,0
3.23,232.94,7,1,0
122.66,2.25,0,11,1
59.61,2.45,0,23,1
38.3,8.47,1,13,1
49.14,1.95,0,13,1
39.47,3.04,0,20,1
6.21,157.44,3,0,0
4.37,229.81,6,0,0
119.4,8.94,0,18,1
1.44,155.19,6,0,0
1.95,87.74,6,0,0
9.62,199.02,1,0,0
64.22,2.66,0,22,1
77.49,11.89,0,18,1
117.82,16.24,0,16,1
0.95,175.75,6,0,0
3.5,124.45,4,0,0
2.81,150.51,4,0,0
2.61,152.51,5,1,0
57.95,18.51,1,12,1
2.78,242.23,5,0,0
1.16,189.46,3,0,0
2.39,181.9,7,0,0
6.33,216.22,15,0,0
1.23,143.66,5,0,0
9.77,160.05,10,0,0
53.78,7.75,0,21,1
1.74,165.06,6,0,0
2.45,104.61,7,0,0
1.99,123.92,10,1,0
3.71,195.42,6,0,0
5.74,150.92,4,0,0
8.96,200.78,9,0,0
5.38,197.71,10,0,0
3.93,177.01,4,0,0
2.27,128.16,8,1,0
4.36,149.41,9,0,0
81.5,39.3,0,12,1
2.16,211.35,11,1,0
2.76,237.75,6,0,0
1.86,132.31,8,0,0
61.05,2.19,0,8,1
3.03,125.99,8,0,0
4.04,156.69,8,0,0
5.37,91.11,6,0,0
1.04,168.42,5,0,0
24.72,16.74,0,17,1
47.89,10.48,0,25,1
39.73,32.38,0,22,1
3.8,296.0,10,0,0
2.59,166.76,4,0,0
3.24,223.92,9,0,0
53.48,3.37,0,27,1
60.74,29.61,0,16,1
76.2,1.78,1,9,1
4.84,89.57,8,0,0
2.64,192.14,7,0,0
3.84,176.56,5,0,0
3.08,243.02,4,0,0
59.33,3.78,0,30,1
44.04,3.88,0,28,1
73.42,14.62,0,41,1
0.59,342.65,10,0,0
2.74,150.01,1,0,0
38.83,5.89,0,9,1
2.02,324.1,7,0,0
3.74,160.57,12,0,0
2.75,188.82,12,0,0
1.42,150.26,6,0,0
59.2,6.4,0,15,1
1.81,141.41,9,0,0
1.08,275.45,8,0,0
1.88,223.47,7,0,0
69.88,44.36,0,12,1
1.19,183.94,3,0,0
44.14,2.09,0,17,1
2.62,93.41,8,1,0
50.89,13.17,0,16,1
4.38,287.24,9,0,0
33.53,5.74,0,11,1
1.85,149.83,9,1,0
0.82,77.06,8,0,0
3.68,123.65,6,1,0
37.33,12.0,0,22,1
3.2,25.0,8,0,0
2.78,163.78,4,0,0
4.66,68.42,10,0,0
3.3,276.48,3,0,0
4.54,179.55,3,0,0
1.71,206.4,9,1,0
6.65,274.18,3,0,0
3.03,146.7,6,0,0
45.96,13.18,0,22,1
1.11,229.08,4,1,0
53.54,17.89,0,27,1
6.05,168.4,5,0,0
6.21,94.4,6,0,0
2.09,214.27,4,0,0
4.44,181.96,5,0,0
5.14,302.13,8,0,0
39.88,2.87,0,19,1
3.78,149.1,9,0,0
1.48,212.25,2,0,0
73.03,9.13,0,17,1
37.18,20.15,0,10,1
0.94,208.97,4,0,0
8.2,178.68,1,0,0
2.01,180.18,5,0,0
2.06,263.52,5,0,0
3.59,126.67,6,0,0
44.26,10.79,0,12,1
60.0,3.96,0,19,1
43.94,8.34,1,9,1
3.41,194.29,4,0,0
1.88,189.08,3,0,0
2.56,285.14,7,0,0
7.15,249.28,9,0,0
48.29,5.48,1,14,1
1.74,215.03,7,0,0
4.14,303.85,7,0,0
4.7,340.01,10,0,0
3.88,250.27,5,0,0
4.85,190.88,4,0,0
3.4,161.3,4,0,0
55.93,1.17,0,10,1
1.51,126.22,5,0,0
2.0,220.48,2,0,0
7.86,185.09,4,0,0
7.07,285.78,7,0,0
6.13,190.85,7,0,0
1.27,58.34,7,1,0
3.21,260.79,6,0,0
1.45,173.88,7,0,0
60.91,9.67,0,26,1
7.05,181.91,4,0,0
9.61,359.57,8,0,0
3.68,267.99,6,0,0
3.71,197.03,8,0,0
2.21,249.1,4,0,0
73.05,2.03,0,15,1
3.17,122.64,10,0,0
56.12,1.45,0,7,1
42.55,18.3,0,21,1
2.81,187.03,7,0,0
1.28,232.37,5,0,0
3.68,241.81,7,1,0
31.21,7.19,1,12,1
3.38,227.7,6,0,0
4.47,48.15,3,0,0
3.09,230.19,3,0,0
3.26,131.11,10,0,0
7.35,213.43,4,0,0
0.98,297.18,5,0,0
4.24,96.04,9,0,0
3.17,192.71,8,0,0
7.91,218.21,10,0,0
1.21,176.52,7,0,0
1.76,192.29,4,0,0
2.53,308.9,7,0,0
79.42,26.05,0,11,1
1.33,225.21,6,0,0
2.57,107.53,8,0,0
7.0,280.37,4,0,0
0.83,224.04,10,0,0
4.37,211.19,6,0,0
4.81,194.84,10,0,0
96.07,29.49,1,10,1
57.74,13.21,0,17,1
2.92,263.87,3,0,0
3.15,166.48,9,0,0
2.5,254.21,5,0,0
1.82,131.99,6,0,0
45.11,10.19,0,10,1
2.88,195.13,4,0,0
48.18,3.07,0,16,1
2.64,95.07,5,0,0
3.09,250.7,11,0,0
1.86,172.65,3,0,0
13.03,229.05,6,0,0
93.19,4.35,0,24,1
97.21,7.05,0,11,1
54.24,11.77,0,28,1
110.31,20.17,0,40,1
4.13,210.64,8,0,0
1.17,56.11,11,0,0
2.09,149.63,10,0,0
2.8,121.66,12,0,0
2.0,161.38,1,0,0
4.57,73.77,7,0,0
42.15,1.91,0,17,1
71.38,3.23,0,8,1
85.51,2.52,0,10,1
3.35,122.72,4,0,0
74.12,15.52,0,6,1
4.66,208.11,8,0,0
1.96,91.13,8,0,0
3.36,112.75,6,0,0
0.8,143.33,3,0,0
2.23,288.33,10,1,0
34.87,10.73,0,16,1
3.47,57.03,7,0,0
39.92,5.62,0,22,1
60.61,1.86,0,15,1
1.42,230.67,1,0,0
2.83,180.45,3,0,0
72.76,6.62,0,12,1
53.04,2.51,0,25,1
57.19,5.44,0,18,1
2.39,181.97,6,0,0
2.42,178.05,6,0,0
3.38,247.73,7,0,0
3.92,238.51,3,0,0
59.66,1.53,0,14,1
0.93,198.34,10,0,0
2.65,201.92,9,1,0
70.48,2.68,0,18,1
4.66,275.65,5,0,0
6.36,225.19,4,0,0
0.9,222.91,5,1,0
7.36,220.2,9,0,0
2.93,311.43,3,0,0
3.53,63.51,10,0,0
4.15,258.16,8,0,0
36.51,10.47,0,15,1
2.8,206.75,4,0,0
1.53,222.88,1,0,0
1.25,144.61,9,1,0
2.78,61.08,8,0,0
1.15,168.27,6,0,0
1.87,204.29,7,0,0
40.41,2.2,1,10,1
64.34,2.63,0,8,1
81.01,6.16,0,9,1
1.82,125.88,6,0,0
5.1,153.85,6,0,0
3.42,38.73,6,0,0
91.7,12.78,0,14,1
0.69,211.01,2,1,0
1.17,265.87,7,1,0
1.37,219.82,8,0,0
49.02,2.14,0,13,1
74.96,8.87,0,19,1
69.65,2.44,0,30,1
2.01,223.18,12,0,0
3.17,241.32,5,0,0
2.08,159.99,10,0,0
1.79,257.13,14,0,0
33.99,6.45,0,33,1
6.96,123.8,6,0,0
5.5,135.91,6,0,0
1.8,251.01,7,0,0
1.06,200.1,9,0,0
72.96,8.73,0,21,1
1.77,157.1,4,0,0
11.45,131.16,3,0,0
1.56,182.01,6,0,0
1.32,155.75,5,1,0
4.46,146.45,3,0,0
3.21,175.63,7,0,0
52.69,7.79,0,8,1
2.69,229.61,6,0,0
9.55,157.47,6,0,0
61.96,20.71,0,39,1
1.19,221.23,7,0,0
6.07,314.46,10,0,0
46.68,2.09,0,11,1
1.13,142.51,6,0,0
2.06,216.74,6,0,0
3.59,79.15,10,0,0
1.78,231.59,6,0,0
4.11,142.96,4,0,0
1.52,133.46,7,0,0
3.99,170.88,7,0,0
3.19,243.05,6,1,0
4.13,272.54,7,0,0
3.23,85.92,3,0,0
44.68,6.75,0,12,1
1.68,172.3,10,0,0
47.13,18.02,0,31,1
3.26,128.55,7,0,0
5.35,169.37,8,0,0
1.53,98.92,4,1,0
3.3,196.36,3,0,0
1.06,284.66,5,0,0
9.67,106.5,4,1,0
1.05,312.86,3,0,0
34.84,4.83,0,5,1
4.49,231.19,10,0,0
8.19,335.93,8,0,0
62.0,2.45,0,8,1
4.48,204.54,9,0,0
2.45,199.48,7,0,0
38.31,9.38,0,9,1
6.09,156.09,9,0,0
2.29,147.99,6,2,0
15.0,92.51,7,0,0
3.9,107.24,5,0,0
0.82,291.84,4,0,0
40.32,3.47,0,5,1
2.06,265.48,6,0,0
1.46,236.34,8,0,0
47.04,2.79,0,9,1
1.61,71.77,4,0,0
1.9,115.45,6,0,0
2.49,207.99,5,0,0
6.44,180.53,6,1,0
3.6,193.24,8,0,0
3.09,318.36,4,0,0
55.71,1.97,0,16,1
1.74,135.15,8,0,0
3.48,210.58,2,0,0
2.46,290.51,4,0,0
1.73,207.28,5,0,0
68.61,10.16,0,14,1
4.22,189.99,6,0,0
39.06,3.45,0,20,1
2.07,343.31,9,0,0
2.83,212.13,5,0,0
1.32,256.71,8,0,0
40.24,1.8,0,17,1
4.08,198.58,7,0,0
2.27,129.21,9,0,0
1.83,43.52,10,0,0
5.17,336.41,2,0,0
5.92,198.9,5,0,0
1.04,211.85,4,0,0
63.59,1.64,1,20,1
2.06,28.75,4,0,0
55.87,16.55,0,24,1
28.79,1.84,0,47,1
50.13,8.87,0,9,1
2.91,134.41,6,0,0
2.2,170.67,11,0,0
1.56,206.99,4,0,0
3.03,290.89,5,0,0
1.78,248.61,2,0,0
1.4,205.01,7,1,0
11.08,221.83,4,1,0
1.52,206.42,6,0,0
1.77,163.78,3,0,0
1.79,249.41,3,0,0
48.47,2.89,0,28,1
46.25,3.22,0,11,1
4.06,258.64,9,0,0
2.51,179.58,3,0,0
52.35,19.9,0,11,1
45.02,5.48,0,26,1
1.95,245.91,5,0,0
5.37,232.3,7,1,0
3.68,74.94,3,0,0
1.2,266.62,6,0,0
3.22,149.05,5,0,0
3.58,178.18,10,0,0
5.1,262.09,12,0,0
1.93,157.35,4,0,0
5.17,126.57,5,0,0
63.02,37.97,0,10,1
6.97,213.06,4,0,0
0.97,130.57,4,1,0
2.1,204.69,7,0,0
91.31,12.4,0,13,1
101.59,4.68,0,13,1
70.55,13.95,1,17,1
2.19,151.02,3,0,0
84.59,5.16,0,15,1
1.22,249.99,8,0,0
2.46,184.34,8,0,0
2.15,269.58,10,1,0
2.68,156.94,7,0,0
4.43,231.61,5,0,0
1.17,121.78,5,0,0
54.99,1.28,0,25,1
8.03,134.74,3,0,0
3.47,229.89,5,0,0
1.82,97.46,6,0,0
2.27,140.12,7,0,0
4.14,285.89,5,0,0
3.57,165.64,4,0,0
1.86,270.05,5,0,0
5.43,206.5,7,0,0
75.59,7.21,0,20,1
55.72,29.45,0,13,1
41.37,20.9,0,5,1
1.78,124.54,8,0,0
2.57,116.06,6,0,0
5.36,293.71,5,0,0
3.71,147.29,6,0,0
104.7,14.3,0,12,1
1.57,52.39,9,0,0
56.67,14.45,0,33,1
44.66,27.68,0,14,1
3.16,129.85,7,0,0
2.81,197.73,8,0,0
38.31,8.9,1,24,1
5.26,177.65,3,0,0
55.22,6.45,0,22,1
30.66,24.7,0,18,1
1.11,241.84,8,0,0
37.76,1.92,0,10,1
4.06,161.57,5,0,0
46.28,9.13,0,15,1
1.24,226.15,2,0,0
2.51,124.01,6,0,0
3.52,110.67,6,0,0
43.7,13.56,0,20,1
50.47,18.72,1,26,1
3.55,331.82,9,0,0
40.77,2.37,0,14,1
40.38,2.0,0,30,1
72.66,8.39,0,24,1
2.05,285.06,7,0,0
5.73,56.45,7,0,0
2.25,100.33,7,0,0
52.75,2.4,0,29,1
2.18,114.7,6,0,0
1.63,256.16,12,0,0
3.72,180.75,8,0,0
90.79,2.32,0,12,1
59.97,6.74,1,11,1
30.56,21.1,0,23,1
2.01,150.64,1,0,0
59.62,12.23,0,6,1
6.73,191.23,6,0,0
0.96,213.35,6,1,0
3.19,101.31,5,0,0
3.08,192.33,5,0,0
50.11,5.79,1,17,1
36.21,8.35,0,12,1
6.99,184.78,5,1,0
3.61,168.06,9,0,0
50.24,38.49,1,7,1
86.95,1.76,0,13,1
58.21,23.44,0,9,1
61.84,2.83,0,12,1
3.36,62.72,3,0,0
2.65,158.06,8,0,0
65.44,14.84,0,18,1
1.29,142.99,7,0,0
62.43,17.89,0,16,1
1.09,88.04,10,0,0
22.17,4.61,0,4,1
4.47,109.74,6,0,0
47.26,1.68,0,12,1
2.37,243.49,3,0,0
33.6,2.68,0,16,1
1.64,319.06,6,0,0
2.36,148.02,9,0,0
45.5,2.16,0,32,1
3.02,141.79,6,0,0
2.5,261.18,6,0,0
77.3,2.68,1,28,1
73.31,2.43,0,19,1
1.77,217.1,5,0,0
4.28,112.49,5,0,0
46.56,7.85,0,29,1
49.06,7.4,0,15,1
2.81,166.14,4,0,0
0.89,164.93,3,0,0
1.68,165.81,8,0,0
2.75,65.45,1,0,0
3.28,115.34,3,0,0
3.13,155.58,6,0,0
38.66,3.52,0,11,1
1.0,175.61,12,0,0
30.54,3.64,0,21,1
49.44,2.33,0,14,1
54.35,3.77,0,24,1
2.86,185.67,2,1,0
2.27,214.23,5,0,0
86.23,4.71,0,18,1
60.32,6.68,0,10,1
2.78,222.43,5,1,0
58.84,13.46,1,44,1
2.71,137.55,8,0,0
2.66,211.09,6,0,0
42.23,2.72,0,13,1
7.28,161.66,10,0,0
4.53,176.53,3,0,0
3.13,213.52,3,1,0
2.48,136.74,3,0,0
6.39,185.28,4,0,0
3.68,270.12,11,0,0
1.15,85.54,4,1,0
5.63,175.96,4,1,0
6.97,145.52,4,0,0
34.79,1.85,0,11,1
65.34,19.57,0,24,1
2.38,175.33,3,0,0
1.86,203.14,8,0,0
2.94,202.64,9,0,0
1.07,96.02,3,0,0
1.23,200.06,12,0,0
2.93,133.06,6,0,0
4.41,172.02,2,0,0
2.71,256.18,6,0,0
4.15,177.74,4,0,0
2.69,182.06,6,0,0
4.15,160.41,8,0,0
92.97,2.3,0,33,1
30.0,21.45,0,40,1
61.68,5.2,0,26,1
5.38,176.91,6,0,0
8.22,94.81,4,0,0
1.51,276.34,7,1,0
2.18,237.66,7,0,0
39.27,2.54,0,14,1
98.2,1.08,0,15,1
1.41,199.49,8,0,0
43.5,7.28,1,8,1
1.7,210.97,5,0,0
55.11,1.27,0,29,1
57.64,6.33,1,14,1
3.3,140.89,6,0,0
54.22,6.89,0,38,1
4.98,80.57,6,0,0
9.56,139.89,3,0,0
4.05,138.93,5,0,0
65.62,7.51,0,31,1
3.05,177.52,7,0,0
2.14,157.97,10,1,0
1.74,154.11,10,0,0
2.45,203.82,7,0,0
2.15,172.41,5,0,0
100.27,14.79,0,7,1
0.96,207.86,14,0,0
3.92,208.78,4,0,0
2.86,191.32,8,1,0
1.5,245.69,6,1,0
5.04,290.87,7,0,0
46.51,7.24,0,13,1
1.03,229.32,4,0,0
36.54,8.47,0,11,1
2.73,177.52,4,0,0
1.76,150.96,7,0,0
2.08,176.18,8,0,0
0.61,226.89,9,0,0
1.73,159.68,8,1,0
2.96,210.57,7,0,0
1.41,268.07,5,0,0
68.37,12.79,0,33,1
2.5,143.25,8,0,0
1.08,193.14,4,0,0
2.88,199.26,10,0,0
6.49,203.72,5,0,0
28.15,11.4,0,17,1
52.43,12.89,0,21,1
52.15,8.89,1,16,1
1.65,114.1,3,0,0
3.58,187.41,6,0,0
50.07,19.43,0,11,1
61.72,9.4,0,14,1
72.84,17.83,0,12,1
67.05,3.53,0,11,1
0.85,129.02,4,0,0
8.56,183.79,7,0,0
4.56,189.1,6,0,0
5.03,71.06,4,0,0
6.48,281.54,5,0,0
2.41,278.23,9,0,0
0.84,29.46,7,0,0
6.75,128.95,4,0,0
41.79,7.64,0,15,1
76.88,25.09,0,16,1
6.57,174.34,6,0,0
1.33,244.4,3,0,0
43.65,7.11,0,8,1
64.77,3.94,0,22,1
6.02,199.94,5,0,0
2.51,87.39,12,0,0
56.53,2.73,0,9,1
54.36,1.72,0,14,1
67.17,7.72,0,10,1
4.1,158.3,5,0,0
3.11,89.61,10,0,0
50.51,2.8,0,11,1
4.94,256.46,3,0,0
9.97,131.91,8,0,0
81.84,11.4,0,22,1
2.55,91.53,9,0,0
1.29,239.67,4,0,0
3.06,251.43,8,0,0
86.68,10.76,0,26,1
4.21,206.35,7,0,0
1.49,163.01,6,0,0
61.01,8.58,0,11,1
2.28,217.08,5,0,0
66.61,4.28,0,13,1
5.6,37.95,11,0,0
3.39,243.0,12,0,0
2.34,204.2,5,0,0
6.91,139.3,8,0,0
70.98,8.61,0,21,1
6.74,232.74,3,0,0
60.65,18.87,0,12,1
5.16,50.83,7,0,0
26.49,6.3,1,14,1
46.16,4.4,0,41,1
3.79,195.44,6,0,0
7.83,196.33,6,0,0
2.84,152.91,6,0,0
2.04,131.42,4,0,0
2.88,250.03,4,0,0
3.4,177.34,2,0,0
56.4,2.17,0,6,1
66.79,14.49,0,11,1
25.97,5.1,0,9,1
1.93,165.18,3,2,0
2.95,152.41,6,0,0
3.94,189.64,6,0,0
3.27,233.91,8,1,0
54.39,1.34,0,13,1
5.71,83.72,8,0,0
2.42,197.03,3,0,0
61.85,3.94,0,18,1
52.77,20.2,0,9,1
59.43,12.38,0,6,1
2.57,85.91,6,0,0
4.05,207.23,5,0,0
2.21,182.67,9,0,0
25.96,4.21,0,34,1
1.06,204.46,5,0,0
65.07,6.82,0,22,1
6.24,134.67,3,1,0
3.74,190.0,5,0,0
3.16,256.12,8,0,0
44.47,2.55,1,12,1
3.01,183.18,9,0,0
3.04,231.1,7,1,0
1.4,214.26,6,0,0
9.32,79.73,7,0,0
1.56,147.58,5,0,0
0.55,222.58,4,0,0
4.36,45.49,1,0,0
3.0,73.91,2,1,0
12.03,267.74,4,0,0
48.08,2.12,1,18,1
58.66,4.25,1,8,1
1.95,175.54,4,1,0
3.4,244.35,4,0,0
3.0,164.14,8,0,0
40.03,6.31,0,6,1
3.74,216.33,8,0,0
7.04,204.62,4,1,0
51.71,4.73,0,13,1
1.69,178.84,5,0,0
36.24,1.6,0,11,1
0.7,233.5,5,0,0
65.13,10.41,0,9,1
5.24,192.53,9,0,0
2.72,161.29,12,0,0
1.4,167.13,9,0,0
1.96,99.02,3,0,0
4.28,150.65,4,0,0
64.64,5.58,0,13,1
3.64,209.48,1,0,0
51.99,13.22,0,29,1
9.46,179.38,7,0,0
7.42,183.87,9,0,0
1.22,110.09,3,0,0
64.42,10.63,0,16,1
1.61,221.97,4,1,0
2.02,173.88,11,0,0
5.62,222.21,4,0,0
2.18,133.77,5,0,0
6.2,221.63,11,0,0
2.3,232.86,8,0,0
70.6,4.67,0,19,1
2.61,231.77,5,0,0
76.38,2.34,0,16,1
1.95,179.9,7,0,0
61.14,9.51,0,12,1
2.08,262.48,7,0,0
2.14,267.91,11,0,0
3.8,283.54,5,0,0
6.21,160.91,7,0,0
2.71,190.82,5,0,0
8.04,223.63,3,0,0
6.36,90.17,6,0,0
56.74,2.36,0,18,1
36.44,4.87,0,17,1
3.64,111.86,7,0,0
1.9,254.98,8,0,0
52.77,12.15,0,20,1
1.82,202.0,12,0,0
91.56,7.33,0,12,1
5.32,135.92,7,0,0
4.56,231.2,3,0,0
3.92,327.14,5,0,0
1.0,177.6,2,0,0
74.56,8.27,0,10,1
36.53,6.11,1,14,1
40.82,6.99,0,13,1
0.74,118.49,7,0,0
7.16,176.93,9,0,0
38.32,16.3,0,13,1
2.35,162.03,5,0,0
3.97,159.89,3,0,0
38.61,19.71,0,26,1
6.16,238.07,9,0,0
7.59,178.24,8,0,0
2.15,75.33,8,0,0
72.08,10.99,0,16,1
4.45,114.06,8,0,0
6.12,269.88,1,0,0
4.48,173.04,4,0,0
1.51,112.21,7,0,0
44.0,2.58,0,38,1
3.58,171.21,6,0,0
41.24,1.01,0,11,1
64.18,1.7,0,13,1
36.22,45.0,0,26,1
1.29,201.54,4,0,0
1.46,117.72,3,0,0
2.71,245.01,6,0,0
41.76,1.22,1,14,1
5.04,59.9,7,0,0
9.92,179.03,4,0,0
3.74,194.06,8,0,0
2.93,178.08,4,0,0
94.28,3.58,0,19,1
0.75,171.5,3,0,0
2.77,201.75,1,0,0
1.23,161.9,8,0,0
2.01,187.96,5,0,0
33.73,1.51,0,9,1
74.56,9.76,0,10,1
2.22,189.33,11,0,0
2.36,156.58,9,1,0
2.05,216.41,6,1,0
1.37,155.93,4,0,0
33.93,7.13,0,14,1
9.41,177.54,6,0,0
3.4,244.13,9,0,0
1.14,229.22,6,1,0
76.1,4.5,0,20,1
2.56,146.21,10,0,0
5.74,269.62,5,0,0
3.39,203.05,6,0,0
5.17,125.07,3,0,0
1.41,180.13,7,0,0
0.84,242.28,3,0,0
7.75,115.18,4,0,0
6.81,156.51,4,0,0
6.05,157.03,3,0,0
4.29,239.26,12,1,0
3.39,120.38,11,0,0
3.22,260.05,1,0,0
48.39,1.11,0,15,1
38.3,4.02,0,14,1
1.81,227.11,14,0,0
64.03,4.38,0,7,1
3.25,156.3,4,0,0
59.99,9.03,1,9,1
1.85,241.62,3,1,0
4.12,174.08,1,0,0
53.07,1.13,0,10,1
1.71,124.66,5,0,0
1.99,240.44,3,0,0
1.66,239.56,4,0,0
3.13,134.96,5,0,0
5.88,180.11,7,0,0
1.18,280.63,8,0,0
3.3,220.68,7,0,0
62.1,2.98,0,10,1
2.46,83.81,6,0,0
65.35,16.11,0,12,1
1.03,120.18,7,0,0
3.3,121.38,9,0,0
3.46,85.23,11,0,0
0.94,193.62,3,0,0
47.36,2.42,0,10,1
3.09,203.97,2,0,0
3.51,130.52,10,1,0
9.41,174.04,6,0,0
6.06,74.67,6,0,0
40.93,5.24,0,23,1
1.36,110.48,7,0,0
33.68,6.46,0,23,1
56.52,2.35,0,11,1
38.21,2.94,0,14,1
3.89,181.18,5,0,0
45.53,23.14,0,19,1
1.04,158.75,11,0,0
2.58,139.63,8,0,0
0.63,157.33,9,1,0
54.49,6.69,0,26,1
69.18,11.53,0,30,1
58.34,3.78,0,23,1
28.82,4.88,0,16,1
4.02,75.65,3,0,0
1.61,25.0,6,0,0
3.12,199.81,10,0,0
37.64,3.48,0,6,1
3.27,279.88,9,0,0
1.9,236.81,11,0,0
3.46,243.85,5,0,0
8.63,261.17,5,0,0
78.04,18.62,0,22,1
1.78,239.52,6,0,0
3.09,161.12,9,0,0
43.22,8.84,0,35,1
3.16,217.61,5,0,0
45.89,16.53,0,6,1
36.27,4.58,0,19,1
2.91,269.73,5,0,0
2.58,278.22,6,0,0
2.64,294.15,10,0,0
1.32,111.48,6,0,0
5.7,172.97,7,0,0
3.4,263.95,4,1,0
8.59,227.79,4,0,0
3.33,118.46,8,0,0
42.52,17.65,0,15,1
7.45,181.27,9,0,0
45.64,3.3,0,12,1
2.93,288.37,6,0,0
3.93,183.47,8,0,0
4.41,224.68,5,0,0
3.6,220.76,6,0,0
26.24,11.52,0,18,1
3.3,162.91,7,0,0
2.9,112.49,5,0,0
1.49,283.68,6,0,0
49.12,12.89,0,7,1
3.63,163.91,11,0,0
71.43,3.22,0,27,1
27.72,20.49,0,27,1
5.23,126.84,5,0,0
8.66,228.6,7,0,0
4.74,100.19,8,0,0
2.19,168.33,8,0,0
2.27,166.06,12,0,0
3.54,111.78,4,0,0
2.13,221.25,4,0,0
3.91,158.3,7,0,0
4.78,114.25,6,0,0
4.54,191.41,8,1,0
3.76,159.85,6,0,0
10.64,59.39,5,0,0
46.03,3.92,0,15,1
43.68,9.91,0,18,1
2.0,99.63,8,0,0
3.24,100.75,7,0,0
63.82,9.46,0,7,1
4.51,50.32,6,0,0
3.7,215.03,4,0,0
1.56,128.14,5,0,0
10.51,206.88,12,1,0
2.98,247.18,6,0,0
61.46,26.8,0,29,1
44.36,1.68,1,25,1
2.95,116.72,6,0,0
1.43,172.27,1,0,0
47.06,7.98,0,9,1
3.58,143.04,5,0,0
28.39,2.81,0,9,1
43.02,3.34,0,28,1
3.85,61.78,5,0,0
0.63,220.28,3,0,0
1.15,207.38,10,0,0
7.29,160.61,6,0,0
86.15,1.2,0,18,1
65.36,3.57,0,21,1
7.28,215.54,7,0,0
44.61,4.39,0,26,1
62.38,6.28,0,19,1
2.17,205.27,7,0,0
53.25,9.12,0,25,1
39.13,3.53,0,18,1
1.29,271.94,3,0,0
1.42,212.06,9,0,0
55.42,12.02,0,11,1
1.63,189.24,7,0,0
54.9,31.4,0,20,1
49.93,4.53,0,11,1
2.37,176.59,4,0,0
2.35,94.72,3,1,0
4.85,25.0,3,0,0
35.76,14.59,0,16,1
3.95,204.37,7,0,0
46.13,2.62,0,26,1
49.93,2.74,0,26,1
55.96,24.66,0,7,1
4.87,228.42,13,0,0
43.41,8.69,0,19,1
1.69,119.15,3,0,0
1.39,152.47,4,0,0
2.51,104.76,5,0,0
50.94,5.2,0,38,1
40.58,11.14,0,16,1
0.73,216.5,3,0,0
2.12,64.08,4,0,0
37.79,23.66,1,6,1
2.19,224.05,2,0,0
4.68,103.35,4,0,0
79.65,12.6,1,18,1
102.65,5.02,0,13,1
7.5,176.01,5,0,0
0.91,226.66,4,0,0
4.34,169.32,6,0,0
3.96,198.37,7,0,0
1.45,248.42,3,0,0
2.02,153.82,7,0,0
2.93,59.16,7,0,0
6.88,235.58,3,0,0
4.01,88.47,5,0,0
8.73,279.17,6,0,0
3.34,85.98,4,2,0
5.58,222.19,6,1,0
2.65,196.68,7,0,0
51.47,1.51,0,4,1
1.73,125.84,7,0,0
1.69,139.21,7,0,0
1.53,227.78,5,0,0
3.88,206.11,2,0,0
3.45,68.0,6,0,0
6.63,244.69,4,0,0
44.34,7.82,1,14,1
7.97,160.09,8,0,0
3.84,99.59,6,0,0
2.33,220.99,4,0,0
5.01,129.94,7,0,0
1.13,121.15,5,0,0
2.88,227.56,9,0,0
3.37,178.08,4,0,0
0.97,287.8,10,0,0
43.91,14.09,0,19,1
2.53,330.33,8,0,0
3.78,75.63,5,0,0
3.6,179.26,4,0,0
2.61,221.76,3,0,0
1.8,110.66,2,0,0
3.67,197.6,3,0,0
62.51,1.67,0,15,1
4.28,101.27,4,1,0
27.8,2.63,1,14,1
0.75,262.99,5,0,0
7.55,159.29,8,1,0
11.95,201.58,2,0,0
68.24,1.78,0,11,1
2.32,217.78,7,0,0
1.72,169.35,5,0,0
48.45,13.96,1,15,1
3.46,181.93,10,1,0
2.6,112.46,3,0,0
1.73,190.93,4,0,0
67.01,9.21,0,14,1
6.68,232.37,5,0,0
4.22,134.3,7,0,0
78.85,4.94,0,25,1
1.63,200.15,7,0,0
5.78,194.81,12,0,0
49.3,8.85,0,17,1
3.65,220.9,2,0,0
57.63,25.25,0,20,1
86.45,3.32,0,16,1
4.08,52.56,4,0,0
1.48,191.56,5,0,0
5.34,296.61,11,0,0
4.64,131.64,6,0,0
63.94,2.92,0,34,1
1.73,159.11,5,0,0
3.12,242.89,3,0,0
101.63,5.87,0,20,1
1.19,186.46,9,0,0
3.44,234.76,3,0,0
4.08,186.32,7,0,0
112.6,27.68,0,9,1
2.76,136.59,4,0,0
48.84,17.15,1,20,1
4.06,234.1,5,0,0
2.4,218.66,6,0,0
10.09,203.84,2,0,0
2.85,185.83,4,0,0
4.22,152.11,3,1,0
1.78,160.14,4,0,0
2.1,140.63,9,0,0
4.19,151.33,5,0,0
42.87,3.08,0,18,1
1.64,143.56,7,0,0
37.76,12.18,0,26,1
1.91,168.66,6,1,0
2.92,177.56,3,0,0
0.69,242.4,8,0,0
3.51,214.74,10,0,0
3.5,203.57,8,0,0
2.12,216.9,12,0,0
46.03,15.17,1,65,1
39.14,2.09,0,17,1
63.51,4.84,0,15,1
2.08,125.65,9,0,0
1.56,184.13,7,0,0
56.49,4.06,0,11,1
2.47,163.39,7,1,0
3.8,225.98,5,0,0
1.58,189.31,7,0,0
43.83,10.96,0,38,1
7.83,151.49,9,0,0
8.99,234.41,3,0,0
0.84,139.26,9,0,0
4.17,213.17,5,0,0
60.2,10.02,0,14,1
47.95,4.17,1,6,1
4.65,126.12,8,0,0
2.77,142.45,5,0,0
1.2,179.19,9,0,0
1.99,150.2,1,0,0
2.22,305.96,3,0,0
3.51,205.22,8,0,0
64.44,4.82,0,37,1
1.03,208.04,7,0,0
2.37,108.66,7,0,0
4.58,181.27,3,0,0
2.88,172.92,3,0,0
44.77,34.34,0,6,1
4.02,224.11,6,0,0
3.1,155.44,6,0,0
4.56,209.12,3,1,0
53.13,22.28,0,18,1
50.86,1.67,0,28,1
98.46,9.08,1,14,1
39.69,12.46,0,13,1
1.48,177.3,7,0,0
6.65,178.49,8,0,0
5.31,189.8,5,0,0
71.4,5.04,0,20,1
46.88,1.76,0,14,1
1.42,208.69,4,0,0
5.11,185.48,5,1,0
1.47,129.51,6,0,0
33.63,12.46,1,6,1
3.36,218.62,4,0,0
2.23,264.85,8,0,0
4.8,129.37,11,0,0
3.34,157.22,5,0,0
54.01,5.91,0,22,1
4.76,260.22,4,1,0
2.82,92.47,8,0,0
3.83,136.51,8,1,0
50.43,6.72,0,7,1
44.8,1.42,0,6,1
59.07,14.36,0,8,1
28.8,24.52,0,11,1
90.47,6.63,0,10,1
1.53,180.98,8,0,0
2.59,189.43,7,0,0
2.4,248.53,11,0,0
2.32,90.27,6,0,0
2.9,174.23,8,0,0
54.89,3.16,0,25,1
80.0,26.03,0,9,1
4.41,149.03,9,0,0
55.88,11.04,0,15,1
0.83,89.82,3,0,0
65.12,2.16,0,16,1
4.66,85.84,12,0,0
5.1,171.39,8,0,0
2.38,100.05,8,0,0
2.11,184.97,3,0,0
42.11,15.22,0,11,1
6.99,65.63,4,0,0
3.39,110.75,10,0,0
3.69,38.11,8,1,0
2.71,92.38,7,0,0
2.01,183.9,9,0,0
6.43,205.34,4,0,0
4.92,208.23,3,0,0
3.55,170.39,7,0,0
1.76,74.67,9,0,0
2.22,116.45,7,0,0
1.26,106.23,14,2,0
2.38,248.97,8,0,0
2.63,233.48,5,0,0
46.61,8.26,0,17,1
52.2,5.97,1,16,1
46.57,13.45,0,30,1
72.66,18.36,1,53,1
2.65,130.63,7,0,0
3.17,216.9,7,0,0
4.97,136.8,8,0,0
42.94,13.46,0,17,1
69.52,2.33,0,15,1
4.21,173.87,5,0,0
37.61,3.6,0,10,1
5.47,133.19,3,0,0
2.45,254.23,6,0,0
1.49,197.83,9,0,0
47.08,8.49,0,10,1
4.38,257.71,3,0,0
1.64,177.75,5,0,0
2.28,129.89,4,0,0
4.4,199.44,5,0,0
1.96,120.78,5,0,0
1.44,221.07,13,0,0
1.24,176.58,5,0,0
53.09,6.64,0,28,1
2.41,205.7,5,1,0
2.09,154.06,10,0,0
53.62,18.24,0,20,1
1.34,175.97,4,0,0
4.47,72.42,7,0,0
48.38,10.98,0,16,1
1.53,165.73,12,0,0
50.7,33.39,0,16,1
4.58,247.26,8,0,0
1.56,109.93,8,1,0
64.79,2.16,1,29,1
3.27,163.93,3,0,0
1.57,188.66,8,1,0
57.6,4.01,0,11,1
64.71,12.81,0,18,1
32.6,1.87,0,14,1
2.53,107.43,9,0,0
4.44,127.92,6,0,0
3.28,224.85,4,0,0
1.86,142.9,3,0,0
31.86,3.97,0,16,1
58.21,11.5,1,9,1
4.23,169.71,7,0,0
49.72,10.5,0,18,1
8.55,145.31,8,0,0
2.74,248.89,4,0,0
1.86,244.47,9,0,0
1.75,112.57,5,0,0
1.92,231.31,3,0,0
2.7,270.16,6,0,0
2.79,120.78,8,1,0
2.37,242.8,4,0,0
2.86,200.59,7,0,0
59.12,10.04,0,38,1
3.38,204.82,9,0,0
5.4,320.74,3,0,0
3.11,170.28,5,0,0
2.97,120.06,5,0,0
2.72,216.81,3,0,0
2.89,263.81,3,0,0
3.98,124.43,8,0,0
0.91,203.86,7,1,0
75.8,6.65,0,10,1
1.95,259.79,9,2,0
3.87,152.94,7,0,0
4.4,156.83,10,2,0
1.24,154.58,5,0,0
56.82,3.1,0,15,1
31.29,9.03,0,18,1
4.82,204.14,8,0,0
5.01,295.41,2,0,0
1.9,61.15,4,0,0
1.25,233.89,6,0,0
1.37,181.47,11,0,0
3.1,115.94,9,0,0
73.39,14.08,0,16,1
4.45,142.19,4,0,0
57.1,10.35,0,12,1
45.13,15.09,0,17,1
46.18,8.73,0,15,1
38.86,8.79,0,6,1
3.04,231.85,4,0,0
0.89,104.8,7,0,0
2.78,217.54,10,0,0
3.77,119.04,6,0,0
5.57,120.11,4,0,0
1.59,188.52,7,0,0
1.27,120.53,6,0,0
80.03,3.01,0,21,1
55.32,9.84,0,12,1
1.46,116.63,2,0,0
54.77,4.34,0,25,1
41.65,1.04,0,27,1
3.32,66.83,6,0,0
3.09,112.77,3,0,0
64.23,9.5,0,15,1
1.9,263.42,9,0,0
2.6,153.96,1,0,0
6.13,228.51,3,0,0
3.11,228.04,6,0,0
3.7,111.02,1,0,0
2.41,200.12,2,1,0
51.49,3.62,0,14,1
4.17,172.57,6,0,0
4.0,154.0,6,0,0
2.11,87.95,7,0,0
2.15,186.39,12,0,0
8.49,260.77,3,0,0
8.58,58.5,4,0,0
1.77,115.89,5,0,0
55.77,7.2,1,23,1
2.09,77.36,5,0,0
3.58,206.31,5,0,0
1.89,99.0,4,0,0
3.04,138.97,6,1,0
2.98,256.48,4,0,0
2.55,217.4,5,0,0
4.04,244.99,7,0,0
2.42,224.46,9,0,0
3.48,142.2,3,0,0
4.15,25.0,5,0,0
1.3,180.11,8,1,0
89.55,6.16,0,21,1
3.48,204.95,8,0,0
52.34,9.54,0,16,1
2.28,93.36,5,0,0
2.66,47.05,6,0,0
2.34,198.54,9,0,0
1.36,136.79,4,0,0
35.27,33.26,0,22,1
44.05,9.33,0,35,1
5.18,161.43,4,0,0
2.35,191.51,7,1,0
4.54,195.41,4,0,0
2.9,223.36,8,0,0
68.67,4.31,0,31,1
5.54,238.59,8,1,0
4.41,118.94,2,0,0
48.74,8.43,0,21,1
2.61,163.9,4,1,0
104.0,10.53,0,13,1
2.42,139.96,8,0,0
5.06,102.11,9,0,0
2.27,272.17,8,0,0
0.95,132.24,7,0,0
5.77,220.62,5,0,0
45.78,1.41,0,18,1
46.97,1.44,0,24,1
2.93,177.07,7,0,0
2.81,236.85,10,0,0
3.04,90.89,4,0,0
2.43,92.1,12,0,0
5.71,274.55,9,0,0
3.21,124.54,9,0,0
3.1,84.85,5,0,0
0.77,229.99,5,0,0
6.08,101.07,5,0,0
5.19,219.74,12,0,0
49.2,4.69,0,12,1
4.97,117.0,6,0,0
1.24,206.97,4,0,0
41.19,8.39,0,15,1
55.68,19.87,0,32,1
53.78,1.87,0,28,1
35.55,5.32,0,34,1
0.75,216.04,8,0,0
1.4,166.99,8,0,0
4.07,141.09,7,0,0
2.56,199.62,6,0,0
46.51,2.07,1,14,1
3.34,231.84,2,0,0
3.1,188.33,9,0,0
60.9,16.44,0,18,1
5.61,142.25,6,0,0
5.05,185.03,9,0,0
3.35,64.63,1,0,0
2.03,203.74,2,0,0
1.67,167.04,10,0,0
2.69,152.98,5,0,0
52.23,7.18,0,9,1
46.46,7.2,0,18,1
1.56,136.02,4,0,0
48.77,2.08,1,25,1
9.05,126.51,5,0,0
4.56,192.43,7,0,0
1.72,226.23,5,1,0
38.29,21.18,0,7,1
1.98,189.99,6,0,0
5.18,256.11,10,0,0
2.94,250.24,5,1,0
51.96,8.47,0,12,1
1.29,187.06,5,0,0
60.5,9.79,0,17,1
4.09,214.91,2,0,0
62.99,1.72,0,6,1
46.64,7.39,0,17,1
9.88,146.59,1,0,0
4.49,221.07,6,0,0
4.8,181.1,6,0,0
4.0,136.77,5,0,0
4.13,89.17,3,0,0
8.83,109.19,13,0,0
2.43,241.78,5,0,0
0.69,183.15,6,0,0
5.99,237.62,4,0,0
48.29,4.87,0,21,1
70.81,4.21,0,19,1
1.94,128.42,4,0,0
2.77,233.75,8,0,0
45.1,4.34,0,23,1
3.04,193.03,7,0,0
2.93,246.4,9,1,0
5.51,202.87,12,0,0
2.83,127.11,5,1,0
2.97,186.1,4,0,0
1.94,135.74,3,1,0
1.02,209.95,7,0,0
1.37,155.4,5,0,0
2.96,196.8,10,0,0
4.26,57.03,6,0,0
4.51,208.52,9,0,0
1.97,295.58,4,1,0
3.69,197.28,4,0,0
3.74,85.62,7,0,0
6.51,152.67,6,0,0
64.44,21.34,0,21,1
3.19,238.55,5,1,0
1.39,188.6,7,0,0
74.57,1.42,0,22,1
3.01,311.61,4,0,0
47.5,8.36,0,19,1
1.65,172.3,7,0,0
2.74,179.87,6,0,0
4.03,88.04,9,0,0
3.78,109.33,8,0,0
1.65,161.55,5,0,0
7.26,204.89,7,0,0
51.01,12.07,0,11,1
3.38,151.17,5,1,0
43.78,26.86,0,20,1
5.22,206.37,6,0,0
3.11,101.31,8,0,0
46.72,12.04,0,30,1
55.83,6.01,0,18,1
0.92,271.21,2,0,0
4.97,262.64,5,0,0
2.02,192.45,7,0,0
3.32,225.85,5,0,0
2.72,86.58,9,0,0
1.28,126.07,4,0,0
2.29,214.35,6,0,0
3.9,154.04,6,0,0
37.48,2.65,0,22,1
3.68,149.24,2,0,0
1.21,178.36,4,0,0
49.22,2.99,0,13,1
54.37,2.45,0,11,1
38.71,8.73,0,30,1
2.29,95.56,3,0,0
5.71,105.3,5,0,0
5.95,279.03,9,0,0
4.77,209.8,5,0,0
3.23,221.94,7,1,0
64.02,8.46,0,18,1
43.29,10.8,0,15,1
53.7,3.32,0,11,1
47.02,14.35,0,15,1
4.4,275.07,6,0,0
36.62,3.33,0,15,1
2.67,114.86,4,0,0
1.75,257.18,8,0,0
46.13,9.49,0,17,1
1.61,263.44,8,0,0
1.39,71.5,5,0,0
4.33,164.52,8,0,0
3.32,166.41,4,0,0
4.93,137.78,6,0,0
8.49,259.83,8,0,0
1.3,181.98,8,1,0
2.71,200.27,4,0,0
32.74,1.75,0,38,1
2.13,271.61,8,0,0
3.4,173.18,7,0,0
0.91,109.93,2,0,0
7.93,137.69,7,0,0
4.04,195.75,10,0,0
3.56,312.58,8,0,0
34.76,41.9,0,29,1
3.54,295.12,9,0,0
4.59,209.08,6,0,0
2.93,201.46,9,0,0
6.79,205.03,8,0,0
3.5,25.0,6,1,0
28.78,3.25,0,22,1
1.2,199.96,4,0,0
8.48,249.75,5,0,0
2.09,181.86,6,0,0
0.94,124.67,5,0,0
27.42,13.66,0,26,1
1.6,216.91,7,0,0
4.36,252.55,5,0,0
4.12,185.96,10,1,0
2.43,131.86,12,1,0
4.14,154.06,4,0,0
2.84,281.0,6,0,0
5.35,191.09,9,0,0
3.5,114.68,6,0,0
2.89,127.2,3,0,0
54.85,4.04,0,11,1
2.37,189.04,4,0,0
2.75,161.28,3,0,0
85.37,5.31,0,11,1
3.99,62.9,5,0,0
5.77,226.92,5,0,0
3.41,160.4,5,0,0
10.48,121.3,4,0,0
77.34,5.91,0,9,1
3.29,302.67,6,0,0
2.47,134.27,6,0,0
4.46,168.77,6,0,0
3.68,233.86,3,0,0
66.65,21.17,0,35,1
1.05,167.09,5,1,0
4.58,128.21,5,0,0
2.59,227.05,5,0,0
1.09,105.03,5,0,0
2.11,259.69,7,0,0
1.99,94.12,4,0,0
2.86,217.38,8,0,0
3.2,37.26,6,0,0
4.45,167.56,3,0,0
1.87,230.55,6,0,0
1.67,185.36,4,0,0
2.07,112.36,6,0,0
1.46,191.86,1,0,0
5.63,190.98,6,1,0
2.84,127.87,3,0,0
61.36,8.38,1,5,1
2.0,159.33,4,0,0
27.34,6.11,0,38,1
4.21,161.46,9,0,0
47.85,2.52,0,8,1
6.96,172.46,8,0,0
1.54,241.88,9,0,0
57.14,22.95,0,15,1
46.3,5.24,0,11,1
5.13,93.68,6,0,0
2.3,80.87,10,0,0
3.9,227.91,6,1,0
2.05,80.09,7,0,0
2.0,133.87,4,0,0
4.97,275.37,7,0,0
3.22,131.12,8,0,0
35.07,11.44,0,10,1
6.47,197.71,4,0,0
3.05,276.34,9,0,0
56.03,10.6,0,17,1
4.44,203.14,2,0,0
4.29,119.74,5,0,0
2.13,262.69,2,0,0
47.99,7.46,0,12,1
42.21,4.63,0,24,1
1.98,168.95,8,0,0
2.13,162.98,8,0,0
5.6,256.67,5,0,0
36.94,4.2,0,6,1
82.24,4.76,0,7,1
31.53,19.32,0,7,1
79.1,8.0,0,37,1
3.48,252.21,7,0,0
1.03,215.94,5,0,0
1.75,206.54,8,0,0
43.74,19.2,0,40,1
7.05,137.88,9,0,0
5.81,196.92,8,0,0
0.92,136.06,5,0,0
5.21,101.11,3,0,0
28.99,20.2,0,37,1
0.74,198.42,7,0,0
44.55,1.49,0,6,1
41.27,3.34,0,21,1
6.09,214.12,7,0,0
3.15,258.67,1,0,0
7.77,179.28,4,0,0
59.45,6.23,1,8,1
66.74,6.25,0,22,1
2.38,222.11,8,1,0
60.93,2.96,0,33,1
4.26,148.36,7,0,0
48.3,1.4,0,21,1
2.95,156.54,8,0,0
3.78,155.78,7,0,0
77.16,5.69,0,14,1
2.07,193.8,5,0,0
7.6,265.17,8,0,0
2.22,174.19,6,0,0
0.77,172.15,2,0,0
2.86,161.34,7,0,0
3.74,98.83,3,0,0
4.51,271.47,6,0,0
2.64,264.09,11,1,0
4.42,219.49,4,0,0
4.03,182.06,5,0,0
9.49,119.53,3,0,0
7.0,149.98,5,0,0
2.7,166.15,8,0,0
1.48,74.08,4,0,0
3.38,173.77,5,0,0
1.82,226.57,6,0,0
3.87,228.56,11,0,0
4.12,112.89,7,0,0
5.7,48.48,4,0,0
3.39,145.35,4,0,0
1.69,206.7,8,0,0
1.98,156.64,5,0,0
1.34,264.64,1,0,0
7.96,151.2,12,0,0
1.42,81.82,5,1,0
49.21,6.42,0,4,1
4.12,132.11,8,0,0
4.74,144.98,2,0,0
1.81,160.43,3,0,0
2.45,125.19,9,0,0
2.6,176.42,6,0,0
5.82,141.83,12,0,0
7.55,174.37,5,0,0
46.76,12.56,0,15,1
0.89,219.42,6,0,0
4.13,173.74,5,0,0
0.8,258.29,5,0,0
5.13,221.29,4,0,0
2.3,219.92,4,0,0
58.05,8.83,0,6,1
7.07,157.17,4,0,0
1.69,77.71,3,0,0
7.38,119.96,3,0,0
2.24,173.17,7,0,0
7.53,208.39,5,0,0
4.56,182.25,2,0,0
1.62,207.43,6,0,0
2.37,215.07,4,1,0
1.11,198.08,6,0,0
2.54,62.2,3,0,0
6.18,166.45,10,0,0
32.17,5.86,0,25,1
27.35,8.3,0,35,1
4.2,251.48,1,1,0
4.23,95.79,11,0,0
5.81,153.2,4,0,0
2.13,238.87,5,0,0
1.77,147.0,6,0,0
6.98,153.25,3,0,0
4.4,117.65,7,0,0
79.6,2.37,0,11,1
73.83,5.87,0,18,1
3.78,187.06,1,1,0
33.6,12.34,0,31,1
39.21,10.19,1,26,1
70.23,2.88,0,28,1
7.85,203.51,5,0,0
9.01,275.58,4,0,0
3.33,239.12,1,0,0
4.18,155.63,6,0,0
1.73,116.53,3,0,0
39.63,4.14,0,14,1
2.94,73.57,6,0,0
4.42,66.02,4,0,0
42.25,13.57,0,17,1
1.15,251.47,7,0,0
42.1,3.3,0,15,1
3.62,63.49,8,0,0
1.53,153.74,4,0,0
2.55,191.61,3,0,0
1.24,251.47,8,0,0
87.75,3.2,0,13,1
2.36,158.09,10,0,0
0.9,197.24,4,0,0
3.55,47.83,12,0,0
8.65,195.53,6,0,0
46.26,6.2,0,10,1
42.51,2.29,0,8,1
3.61,243.37,7,0,0
7.68,299.12,5,0,0
3.31,142.85,5,0,0
4.28,276.01,6,0,0
1.09,144.74,4,0,0
45.2,8.69,0,12,1
3.62,128.77,7,0,0
5.74,109.08,8,0,0
1.75,154.57,8,0,0
2.58,138.65,8,0,0
5.14,190.18,2,0,0
1.97,167.25,5,0,0
1.33,203.11,4,0,0
83.47,13.53,0,6,1
11.19,284.69,4,0,0
3.28,254.7,5,0,0
3.17,210.19,3,0,0
4.73,109.01,9,0,0
3.43,189.03,3,1,0
4.41,114.19,5,0,0
4.9,249.78,8,0,0
68.61,33.86,0,8,1
6.85,218.93,1,0,0
72.33,3.54,0,15,1
3.5,86.91,4,0,0
44.8,2.16,1,9,1
5.23,215.97,5,0,0
2.36,173.09,3,0,0
2.03,261.14,4,0,0
3.78,153.13,7,1,0
1.57,167.18,2,0,0
45.17,6.88,0,7,1
1.88,149.54,6,0,0
61.73,9.45,0,4,1
4.81,222.12,9,0,0
74.7,25.43,0,48,1
3.84,103.84,3,0,0
67.1,5.68,0,17,1
68.54,2.53,0,19,1
4.03,179.45,5,0,0
7.76,300.27,6,0,0
3.27,260.13,7,0,0
6.92,168.38,6,0,0
5.76,193.06,9,0,0
3.23,181.08,8,0,0
76.0,2.71,0,30,1
1.19,170.29,5,0,0
42.2,18.17,0,16,1
1.49,69.98,9,0,0
8.37,179.07,6,0,0
1.31,279.91,6,0,0
6.64,200.72,5,0,0
75.42,1.63,0,34,1
2.52,224.4,2,0,0
39.56,22.66,0,20,1
64.14,7.76,0,21,1
5.57,164.13,7,1,0
2.46,152.54,6,0,0
2.2,188.34,9,0,0
6.52,171.17,3,0,0
1.86,122.96,6,0,0
8.24,182.01,9,0,0
3.54,146.85,4,1,0
3.95,197.48,8,0,0
3.92,202.68,3,0,0
59.15,3.04,0,27,1
3.84,95.6,9,0,0
5.14,156.95,8,0,0
48.78,1.83,0,28,1
47.88,4.49,0,17,1
1.45,292.14,8,0,0
3.74,274.11,5,0,0
38.06,8.34,0,28,1
3.92,151.22,3,0,0
41.28,23.86,0,23,1
36.74,9.22,1,17,1
3.58,140.46,9,0,0
5.4,159.64,4,0,0
7.25,205.68,6,0,0
40.89,10.34,0,9,1
2.65,260.95,8,1,0
5.32,157.49,5,0,0
7.24,214.83,5,0,0
4.04,209.35,8,0,0
2.39,106.54,6,1,0
1.45,260.82,3,0,0
78.99,39.63,0,19,1
1.88,246.3,4,0,0
2.17,113.26,3,1,0
3.43,109.14,6,1,0
6.82,152.99,9,0,0
6.69,132.77,9,0,0
0.86,236.58,6,0,0
2.18,279.84,4,0,0
81.25,45.0,0,32,1
4.1,291.12,6,0,0
3.76,220.15,9,1,0
0.73,163.17,3,0,0
3.36,277.59,8,0,0
2.36,247.3,7,0,0
6.81,197.25,7,0,0
2.55,250.59,6,1,0
27.33,3.44,0,20,1
2.72,157.13,4,0,0
2.84,118.22,6,0,0
1.04,137.39,12,0,0
3.4,233.65,2,1,0
45.48,2.72,1,40,1
5.07,133.65,5,0,0
0.75,196.15,12,0,0
2.17,267.33,5,2,0
2.87,172.83,6,0,0
1.14,284.68,8,1,0
1.52,77.93,7,0,0
56.52,10.71,0,15,1
2.6,192.51,4,0,0
2.8,200.33,7,0,0
52.25,13.63,0,35,1
51.85,2.32,0,25,1
5.8,255.83,6,0,0
50.41,6.73,0,19,1
1.96,147.05,4,0,0
2.66,198.96,7,0,0
2.58,155.75,6,0,0
3.15,227.88,7,0,0
4.31,217.14,9,0,0
4.09,107.36,11,0,0
2.48,25.0,3,0,0
52.43,4.44,0,6,1
8.34,149.72,7,0,0
4.0,180.53,6,0,0
33.29,2.33,1,10,1
4.62,192.85,5,0,0
1.97,149.73,7,1,0
8.78,25.0,4,0,0
5.29,233.12,5,1,0
27.87,1.38,0,10,1
7.53,95.86,5,0,0
2.11,91.06,2,0,0
63.84,3.07,0,9,1
3.0,165.4,5,0,0
1.41,173.79,4,0,0
2.48,112.73,7,0,0
2.9,269.41,8,1,0
3.07,213.59,6,0,0
3.3,90.45,7,0,0
5.18,177.7,8,0,0
36.26,4.47,0,12,1
5.85,141.94,9,0,0
3.09,152.84,5,0,0
51.88,13.03,0,19,1
42.15,11.79,1,11,1
37.39,9.04,0,14,1
48.27,10.41,0,9,1
42.67,1.88,0,14,1
37.25,11.03,0,10,1
69.65,19.57,0,21,1
41.29,9.1,0,16,1
1.14,140.81,2,0,0
30.64,20.53,0,15,1
1.55,197.83,5,0,0
68.4,9.62,1,7,1
1.97,171.74,4,0,0
2.04,206.69,5,0,0
3.71,183.95,7,0,0
2.98,200.04,4,0,0
2.58,131.98,9,0,0
43.0,6.49,0,14,1
5.05,278.36,5,0,0
58.4,2.58,0,10,1
3.7,124.3,4,0,0
2.55,188.11,9,0,0
60.24,3.07,0,26,1
5.95,93.27,7,0,0
3.67,140.35,6,0,0
3.76,211.97,7,0,0
1.95,204.74,4,0,0
65.17,3.26,0,7,1
2.8,151.94,8,0,0
53.88,6.28,0,32,1
4.41,174.16,5,0,0
35.98,6.2,0,16,1
73.61,4.31,0,10,1
2.11,199.26,4,0,0
37.27,1.48,0,12,1
4.09,153.4,6,0,0
1.42,167.27,5,0,0
76.5,8.73,0,26,1
71.69,6.36,0,6,1
2.75,165.97,8,0,0
45.27,15.45,0,27,1
34.84,3.46,0,16,1
41.51,16.4,0,11,1
1.84,126.57,3,0,0
2.85,100.26,3,0,0
2.36,117.31,5,0,0
48.96,5.05,0,21,1
2.8,263.32,5,1,0
3.57,213.52,6,1,0
5.48,225.43,4,0,0
6.25,221.19,4,0,0
1.61,245.07,10,0,0
2.45,284.28,8,0,0
4.34,188.5,5,0,0
37.88,3.17,0,6,1
3.86,261.98,3,0,0
2.36,246.76,6,0,0
68.31,9.15,0,16,1
3.78,196.87,6,0,0
84.12,12.84,0,28,1
2.09,197.09,6,0,0
5.26,243.15,9,0,0
32.34,20.04,0,17,1
31.7,23.83,0,7,1
58.73,2.73,0,16,1
2.28,191.09,6,0,0
1.47,74.59,4,0,0
0.7,91.07,6,0,0
6.3,226.79,11,0,0
0.88,231.58,3,0,0
1.01,207.01,6,0,0
57.56,9.84,0,17,1
2.25,254.57,1,0,0
1.9,91.42,2,1,0
4.35,133.55,13,0,0
0.7,208.23,5,0,0
75.63,6.17,0,14,1
63.74,5.57,0,34,1
2.6,303.47,5,0,0
4.12,109.17,5,0,0
7.67,210.06,7,0,0
2.68,104.75,9,0,0
39.79,20.84,0,18,1
63.76,2.63,0,15,1
1.31,183.82,6,0,0
1.31,200.58,5,0,0
4.35,141.73,9,0,0
72.3,2.19,0,17,1
4.57,191.52,5,0,0
6.23,78.72,8,0,0
2.1,286.53,4,0,0
2.4,161.46,4,0,0
1.46,120.73,9,0,0
1.9,146.96,4,0,0
41.15,6.25,0,16,1
2.34,141.79,8,0,0
5.11,176.14,6,0,0
4.67,171.63,12,0,0
2.46,150.35,8,0,0
1.7,142.38,7,0,0
1.78,215.61,12,0,0
11.6,215.85,5,0,0
42.72,8.06,0,17,1
1.33,218.11,4,2,0
4.75,171.31,7,0,0
3.68,134.96,10,0,0
2.34,248.17,2,0,0
33.08,7.14,1,22,1
36.32,17.52,0,15,1
4.37,152.45,10,0,0
4.76,185.47,7,0,0
7.3,196.13,5,0,0
44.34,8.14,0,31,1
48.76,5.56,0,38,1
73.17,4.1,0,16,1
4.77,140.82,3,0,0
4.33,165.16,9,0,0
50.2,3.31,0,30,1
3.01,184.18,5,0,0
50.86,18.85,0,17,1
4.44,53.41,6,1,0
0.86,298.44,8,0,0
1.15,198.39,6,0,0
2.46,222.8,3,0,0
73.4,5.2,0,11,1
70.7,8.18,1,8,1
6.73,198.14,2,0,0
40.43,2.43,0,36,1
2.72,225.42,7,0,0
1.78,215.95,5,0,0
2.96,273.07,5,0,0
3.91,219.21,4,0,0
58.5,1.18,0,18,1
75.8,2.28,0,7,1
1.3,170.97,3,0,0
4.99,151.75,9,0,0
4.32,134.02,8,0,0
44.46,3.9,0,20,1
1.54,219.82,6,0,0
3.54,266.79,7,0,0
3.62,162.01,6,0,0
3.35,87.3,6,0,0
7.72,215.28,11,1,0
69.25,12.2,0,11,1
1.7,192.9,1,0,0
56.42,14.03,0,17,1
5.03,164.52,6,0,0
1.39,206.69,9,0,0
1.87,142.25,7,1,0
7.85,25.0,10,0,0
1.26,163.09,9,0,0
1.38,186.37,6,0,0
5.6,236.16,5,0,0
3.27,145.57,8,0,0
48.31,26.94,0,13,1
0.9,154.3,3,0,0
2.61,93.98,5,0,0
4.12,221.22,6,0,0
63.44,10.46,0,15,1
7.99,116.99,10,1,0
38.95,19.43,0,9,1
7.89,241.94,6,0,0
2.42,148.88,6,0,0
3.85,129.98,6,0,0
3.04,258.83,7,0,0
2.15,174.65,7,0,0
2.81,119.76,7,0,0
39.65,4.23,0,7,1
47.79,7.57,0,10,1
2.1,235.26,3,1,0
5.03,128.8,4,0,0
3.18,185.81,9,0,0
51.24,15.15,0,5,1
5.42,236.75,9,0,0
55.5,14.44,0,8,1
91.32,5.39,0,9,1
1.89,276.78,4,1,0
41.81,15.48,0,39,1
44.27,4.21,0,23,1
6.54,256.7,3,0,0
27.43,1.44,0,17,1
9.06,284.46,7,0,0
41.43,2.53,1,33,1
75.72,7.67,0,9,1
4.18,212.55,7,0,0
42.75,3.59,0,8,1
38.31,4.56,0,26,1
70.94,28.37,0,28,1
2.7,235.38,7,0,0
3.17,194.13,5,0,0
48.62,14.81,0,21,1
50.74,8.66,1,20,1
0.71,200.51,10,0,0
3.44,96.61,5,0,0
81.71,20.09,0,9,1
2.72,276.62,5,0,0
6.75,165.21,3,0,0
62.87,4.15,0,23,1
8.23,199.85,3,0,0
75.37,2.41,0,20,1
2.95,93.97,6,0,0
6.18,168.94,4,0,0
4.6,166.62,4,0,0
37.37,9.67,0,15,1
53.4,2.4,0,9,1
3.5,127.4,5,0,0
2.65,127.92,4,0,0
1.05,83.12,5,0,0
3.01,212.21,8,0,0
2.77,272.57,9,0,0
49.02,5.66,0,18,1
50.73,3.76,1,13,1
2.16,96.93,4,0,0
1.67,283.82,4,0,0
5.98,287.04,5,0,0
3.57,129.7,7,0,0
58.8,6.48,0,11,1
2.78,159.15,6,1,0
2.76,272.56,4,0,0
1.57,178.54,4,0,0
3.14,134.64,6,0,0
4.6,244.38,9,0,0
107.23,8.34,0,24,1
1.77,201.87,12,0,0
57.52,10.07,0,42,1
4.51,53.12,4,0,0
47.18,4.91,0,12,1
54.37,12.0,0,8,1
7.7,132.6,6,0,0
5.43,36.91,7,0,0
25.27,6.07,0,21,1
7.51,234.84,8,0,0
83.04,17.55,0,32,1
7.98,133.21,6,0,0
4.51,272.55,7,0,0
4.93,172.76,6,0,0
6.58,88.58,2,0,0
0.91,165.2,4,0,0
8.33,110.88,5,0,0
0.77,37.16,9,1,0
4.67,127.34,9,0,0
58.03,1.31,0,26,1
5.33,189.15,5,0,0
1.72,236.89,4,0,0
2.44,164.91,9,1,0
0.77,180.63,6,0,0
5.35,186.86,9,0,0
4.64,136.26,8,0,0
61.4,2.09,0,24,1
2.25,146.6,8,0,0
2.53,133.5,3,0,0
2.0,181.34,7,0,0
2.87,179.31,9,0,0
5.8,232.67,7,0,0
4.51,79.47,5,1,0
54.75,17.42,0,11,1
66.41,8.94,0,8,1
3.28,168.62,7,0,0
2.89,176.91,3,0,0
36.33,10.77,1,16,1
1.59,247.29,2,0,0
21.21,4.49,0,15,1
5.46,139.23,7,0,0
3.97,260.69,4,0,0
38.86,2.24,0,26,1
7.0,159.46,6,0,0
3.96,95.58,7,0,0
3.55,196.05,5,0,0
70.26,3.07,0,13,1
6.33,179.37,8,0,0
2.27,143.15,14,0,0
44.29,3.93,0,46,1
1.68,37.29,7,0,0
2.38,203.2,7,0,0
6.1,129.15,4,0,0
76.58,4.56,0,21,1
5.67,180.39,6,0,0
71.65,4.03,0,15,1
9.69,233.51,5,0,0
7.25,266.19,4,0,0
31.28,4.28,0,10,1
59.15,5.01,0,25,1
1.06,155.11,3,0,0
66.95,4.73,0,23,1
8.96,88.46,3,0,0
54.88,1.08,0,15,1
31.85,5.3,0,15,1
0.57,254.61,3,0,0
3.41,247.41,6,0,0
2.35,152.51,8,0,0
60.11,1.41,0,18,1
48.97,5.08,0,12,1
1.6,63.21,6,0,0
2.67,233.02,6,0,0
47.62,4.53,0,23,1
62.12,19.7,0,36,1
2.13,140.91,6,1,0
40.24,4.77,0,17,1
40.94,15.0,0,11,1
3.99,247.67,8,0,0
6.27,83.05,5,0,0
1.76,149.74,5,0,0
93.53,27.5,0,33,1
3.4,180.71,3,0,0
29.68,5.26,0,21,1
6.67,182.84,5,0,0
8.17,195.22,6,0,0
54.96,3.34,0,10,1
5.4,116.97,7,0,0
49.62,6.42,0,38,1
10.74,194.93,3,1,0
3.91,289.19,3,1,0
1.44,252.79,3,0,0
3.07,102.63,3,0,0
2.49,73.34,1,0,0
49.84,13.52,0,7,1
3.04,169.57,1,0,0
1.14,120.16,10,0,0
5.37,159.73,4,1,0
60.14,26.43,0,39,1
3.63,280.59,8,0,0
40.82,3.83,0,20,1
35.74,2.84,0,22,1
4.54,97.66,7,0,0
41.38,5.62,0,12,1
1.2,156.01,3,0,0
2.91,72.35,12,0,0
6.1,268.69,5,1,0
46.95,3.17,0,9,1
6.62,180.38,6,1,0
5.21,149.75,8,0,0
3.22,170.8,5,0,0
2.83,167.05,4,0,0
4.33,136.54,5,0,0
35.86,17.53,1,30,1
2.2,76.74,5,0,0
6.67,99.12,4,0,0
3.25,241.96,4,0,0
0.63,240.65,4,0,0
40.62,10.22,0,17,1
2.11,62.13,4,0,0
2.1,176.2,6,0,0
7.48,205.11,4,0,0
4.2,177.29,7,0,0
4.81,218.14,9,0,0
3.42,298.95,5,0,0
2.66,186.48,10,0,0
49.1,19.44,0,11,1
6.02,217.66,3,1,0
1.17,156.74,6,0,0
1.86,125.42,4,0,0
1.79,219.52,14,0,0
0.66,206.06,5,0,0
5.5,278.49,7,1,0
6.89,177.07,5,0,0
1.53,170.42,5,0,0
3.18,173.49,5,0,0
3.81,229.45,7,0,0
5.13,102.54,3,0,0
36.83,8.55,0,12,1
6.46,123.08,5,0,0
3.99,248.29,3,0,0
2.17,160.52,6,0,0
44.64,14.4,0,22,1
1.03,213.83,11,0,0
4.04,154.52,5,0,0
6.72,241.75,9,1,0
36.73,2.88,0,12,1
7.42,195.41,4,0,0
77.88,9.83,0,24,1
46.63,4.4,0,10,1
70.99,6.18,0,10,1
7.77,120.51,5,0,0
1.24,258.0,7,0,0
2.49,205.35,9,0,0
4.4,63.45,6,0,0
30.96,12.69,0,13,1
2.14,226.62,6,0,0
2.83,145.53,2,0,0
13.43,274.57,3,0,0
2.04,308.14,5,0,0
3.28,227.3,9,0,0
67.93,4.45,0,9,1
30.0,21.69,0,7,1
3.34,249.9,6,0,0
4.95,223.5,6,1,0
2.45,164.04,6,1,0
3.33,205.41,5,0,0
2.17,160.4,4,0,0
4.72,116.47,7,0,0
38.95,5.94,0,28,1
1.87,130.45,7,0,0
1.71,106.61,11,1,0
2.39,172.0,4,0,0
5.29,160.02,11,0,0
75.17,4.79,0,39,1
4.28,157.97,7,0,0
4.87,162.69,5,0,0
77.99,1.95,0,13,1
6.08,154.57,6,0,0
74.15,18.16,0,8,1
80.75,20.37,0,16,1
7.72,160.75,4,0,0
38.35,3.06,0,18,1
4.26,299.53,7,0,0
7.19,207.65,8,0,0
1.38,182.58,9,0,0
7.13,132.78,7,0,0
2.53,46.81,2,0,0
4.7,173.29,5,0,0
65.65,8.05,0,12,1
5.34,176.52,7,0,0
2.45,219.06,7,0,0
53.98,5.2,1,19,1
3.42,179.76,5,0,0
4.8,192.12,4,0,0
99.2,7.98,0,9,1
1.43,213.69,6,0,0
50.3,13.66,0,26,1
66.67,6.43,1,17,1
64.09,5.42,0,21,1
7.72,185.99,11,0,0
48.98,9.81,0,22,1
1.51,153.81,4,0,0
3.01,183.24,7,1,0
1.34,251.62,5,0,0
2.89,229.59,8,1,0
47.93,19.43,0,9,1
4.01,99.57,2,0,0
2.63,196.87,10,0,0
5.54,203.31,6,0,0
34.05,7.8,0,6,1
1.63,261.86,4,1,0
3.43,112.55,7,1,0
1.06,169.89,5,0,0
58.39,11.37,0,24,1
8.09,249.8,7,0,0
1.85,122.94,7,0,0
5.91,149.36,8,0,0
2.16,157.41,7,1,0
7.65,196.65,5,0,0
2.74,159.47,6,0,0
1.38,187.43,7,0,0
2.47,94.55,2,0,0
1.54,118.44,2,0,0
4.3,290.88,8,0,0
49.93,9.83,0,14,1
52.15,5.94,0,8,1
2.26,222.15,5,0,0
47.6,10.08,0,9,1
12.28,216.44,6,0,0
4.46,82.36,6,0,0
10.15,173.18,7,0,0
34.73,1.48,0,11,1
95.39,2.79,0,16,1
2.01,131.96,7,0,0
42.4,1.59,0,18,1
47.24,10.81,0,14,1
69.9,3.07,0,14,1
0.89,185.47,4,0,0
5.81,294.72,5,0,0
55.3,3.4,0,13,1
4.09,229.58,9,0,0
51.93,8.71,0,15,1
60.14,8.88,0,9,1
4.9,152.17,3,0,0
3.37,73.23,11,0,0
60.89,4.94,0,12,1
4.82,154.41,4,0,0
83.8,5.56,0,12,1
4.69,110.93,3,0,0
2.3,238.01,4,0,0
3.99,161.95,10,0,0
65.15,11.05,0,13,1
5.15,57.32,4,0,0
2.73,219.31,8,0,0
1.86,248.79,6,0,0
3.94,57.15,8,0,0
1.41,184.79,3,0,0
45.79,8.37,0,14,1
54.76,3.96,0,32,1
6.47,148.02,2,0,0
51.34,10.18,0,9,1
29.97,20.5,0,13,1
56.59,5.46,0,22,1
37.7,1.22,0,9,1
8.06,245.11,8,0,0
7.09,179.42,5,0,0
2.04,124.36,7,1,0
31.74,1.71,0,15,1
1.33,221.14,5,0,0
81.43,13.22,0,11,1
2.09,159.73,2,0,0
43.68,6.52,0,8,1
1.54,256.31,5,0,0
5.78,173.1,6,0,0
1.76,173.41,6,0,0
3.98,229.13,7,0,0
26.62,1.9,0,21,1
1.07,115.2,6,0,0
3.54,104.46,4,0,0
54.15,6.38,0,16,1
1.54,134.81,5,0,0
40.61,5.03,0,10,1
0.72,187.59,4,1,0
48.28,2.39,0,28,1
2.28,225.59,9,1,0
1.79,221.71,6,0,0
54.84,2.1,0,22,1
4.21,293.36,9,0,0
72.15,2.46,0,12,1
41.44,7.78,0,30,1
3.43,171.28,5,0,0
2.04,209.23,7,0,0
2.04,206.01,3,0,0
3.07,162.02,6,0,0
4.94,123.79,9,0,0
41.29,7.49,0,13,1
1.7,132.72,6,0,0
2.95,91.25,5,0,0
2.42,105.81,6,0,0
1.22,151.58,7,1,0
3.14,177.52,2,0,0
2.56,152.69,8,1,0
2.96,94.63,9,0,0
4.04,306.68,5,1,0
36.27,2.13,0,17,1
1.26,176.35,8,0,0
3.16,267.29,3,0,0
45.29,13.95,0,10,1
3.54,179.77,10,0,0
3.61,252.13,5,0,0
6.19,91.4,8,0,0
7.81,213.89,7,0,0
45.21,9.0,0,18,1
2.2,243.13,12,0,0
4.54,95.45,2,0,0
5.88,167.91,6,0,0
4.5,202.85,6,0,0
1.61,234.3,3,0,0
3.52,166.38,4,0,0
2.76,200.36,6,0,0
5.57,158.2,9,0,0
2.07,185.58,6,1,0
2.73,142.91,3,0,0
29.98,2.37,0,21,1
0.75,237.34,8,0,0
33.65,8.14,0,13,1
65.43,3.14,0,17,1
48.72,25.5,0,18,1
1.63,221.12,3,0,0
60.08,4.72,0,19,1
2.61,283.1,6,0,0
1.68,284.79,10,0,0
76.22,4.73,0,19,1
3.9,342.62,7,0,0
0.64,215.08,6,0,0
1.74,199.35,7,0,0
2.64,125.42,4,0,0
2.92,166.33,4,0,0
50.55,2.92,0,6,1
0.97,122.2,5,0,0
1.79,123.63,8,0,0
1.33,149.67,10,0,0
73.32,1.71,0,24,1
2.59,138.02,7,0,0
2.04,287.91,11,0,0
1.83,169.99,5,0,0
1.17,223.79,10,0,0
3.92,102.85,5,0,0
2.43,121.74,2,0,0
52.84,12.16,0,24,1
1.22,60.92,6,1,0
1.74,266.05,2,0,0
1.87,77.71,10,0,0
6.72,179.28,5,0,0
2.57,161.91,8,0,0
88.32,19.34,0,35,1
3.25,199.52,6,0,0
7.41,163.44,5,1,0
6.76,265.64,1,0,0
4.99,252.12,3,0,0
35.98,8.35,0,22,1
2.6,197.76,7,0,0
69.45,7.14,0,11,1
0.75,94.67,2,1,0
2.76,207.99,5,0,0
1.71,193.9,4,0,0
3.84,160.62,6,0,0
31.51,11.95,0,15,1
4.64,120.92,4,0,0
5.67,227.45,6,0,0
2.02,198.85,6,0,0
1.21,55.37,5,0,0
1.86,220.58,9,1,0
4.7,129.55,6,0,0
1.57,229.56,8,0,0
12.74,226.99,4,0,0
68.58,3.48,0,24,1
41.44,9.81,0,15,1
2.1,278.87,10,1,0
6.31,233.4,1,0,0
3.29,261.93,2,0,0
3.37,166.26,6,1,0
2.9,118.44,4,0,0
3.55,166.6,6,0,0
1.13,226.05,10,1,0
6.98,167.99,7,0,0
2.8,184.95,8,0,0
5.94,143.63,6,1,0
4.1,233.51,5,0,0
6.24,268.51,7,0,0
3.15,223.99,3,1,0
5.72,115.52,11,0,0
32.88,2.05,0,19,1
2.36,82.85,6,0,0
45.94,9.58,0,7,1
5.7,121.32,8,0,0
1.16,142.15,11,0,0
92.87,1.21,0,14,1
2.89,223.59,9,0,0
43.48,6.62,0,14,1
3.98,130.84,5,0,0
1.66,178.85,3,0,0
34.68,3.67,0,16,1
9.94,189.8,2,0,0
55.09,5.91,0,12,1
10.58,172.4,8,0,0
58.93,8.41,0,10,1
1.89,190.54,4,0,0
39.79,1.09,0,21,1
1.28,128.76,7,1,0
2.9,259.36,4,0,0
50.59,2.61,0,14,1
3.02,235.98,2,0,0
4.01,164.21,2,0,0
58.06,2.45,0,17,1
6.22,179.89,3,0,0
6.88,147.38,6,0,0
5.98,36.89,8,1,0
4.14,235.68,3,0,0
2.57,121.63,6,0,0
3.22,213.77,3,0,0
7.41,243.68,6,0,0
3.51,76.45,6,0,0
7.47,181.34,4,0,0
3.19,200.53,8,0,0
54.55,5.33,0,31,1
1.02,152.93,6,0,0
2.43,218.77,7,0,0
4.61,167.7,4,0,0
25.8,4.7,0,15,1
27.26,4.4,0,24,1
3.86,162.3,5,1,0
5.14,156.28,4,0,0
2.3,149.6,7,0,0
6.72,139.7,5,0,0
45.11,17.54,0,28,1
1.84,196.81,3,0,0
1.24,171.19,5,0,0
99.1,2.08,0,32,1
3.44,163.63,6,0,0
10.04,191.57,13,1,0
3.07,160.62,9,0,0
1.54,153.9,7,0,0
34.74,6.62,0,14,1
3.76,123.52,5,0,0
1.82,196.5,6,0,0
2.83,187.33,5,0,0
3.79,175.79,4,0,0
26.16,5.08,0,30,1
3.41,152.23,10,0,0
44.81,6.97,0,17,1
5.79,246.65,4,0,0
3.32,163.65,2,0,0
58.49,16.9,0,7,1
65.67,7.19,0,26,1
1.99,257.31,7,0,0
51.44,17.62,0,18,1
6.22,194.16,2,0,0
35.88,10.82,0,4,1
1.65,217.99,7,0,0
2.33,189.77,2,0,0
50.93,14.44,0,9,1
65.25,24.22,0,23,1
11.26,265.14,6,0,0
3.55,158.5,6,0,0
1.69,165.63,6,0,0
3.24,196.92,5,0,0
0.55,186.1,14,0,0
2.26,247.64,6,1,0
0.81,262.15,3,0,0
2.2,268.3,13,0,0
28.94,13.17,0,11,1
37.27,15.66,0,16,1
80.48,12.91,0,18,1
7.93,118.32,6,0,0
0.75,144.1,4,0,0
1.0,209.49,7,0,0
7.33,251.22,3,0,0
2.76,146.68,7,0,0
3.03,203.5,7,0,0
62.08,1.59,0,61,1
43.85,8.13,0,10,1
49.56,10.72,1,10,1
3.64,276.06,6,0,0
2.77,307.3,8,0,0
1.04,206.37,11,0,0
5.65,205.86,6,0,0
48.71,4.9,0,39,1
38.69,14.27,0,15,1
43.83,2.22,0,18,1
2.78,117.18,8,0,0
3.64,214.9,6,0,0
5.34,158.02,6,0,0
33.34,12.91,1,33,1
85.06,5.36,0,19,1
2.3,94.83,7,0,0
2.38,143.98,6,0,0
0.86,200.77,8,0,0
2.12,150.05,5,0,0
48.25,28.94,0,12,1
54.55,9.73,0,24,1
2.85,99.28,4,0,0
55.5,3.79,0,14,1
47.46,22.43,0,15,1
2.03,161.0,9,0,0
3.17,132.39,6,0,0
3.07,227.91,5,0,0
4.38,148.12,4,0,0
2.98,226.44,5,1,0
65.16,9.18,0,5,1
2.11,208.06,7,0,0
57.61,5.46,0,33,1
6.52,239.74,8,1,0
54.4,4.77,0,15,1
78.26,13.17,0,25,1
90.04,11.23,0,10,1
1.27,179.16,5,0,0
3.61,262.81,5,0,0
3.94,148.07,6,0,0
1.5,276.32,3,0,0
0.69,266.03,11,0,0
55.68,1.07,0,8,1
3.71,169.63,4,0,0
3.55,272.35,3,0,0
56.69,2.39,0,6,1
43.56,12.21,0,17,1
2.02,243.92,5,1,0
84.23,6.57,0,21,1
61.5,2.41,0,15,1
2.5,73.91,11,0,0
4.11,186.19,5,1,0
34.67,8.03,0,9,1
6.88,296.15,5,0,0
2.33,191.28,5,0,0
2.66,194.71,4,0,0
3.43,166.33,7,0,0
29.06,6.98,0,27,1
1.22,250.8,10,0,0
1.81,192.67,9,0,0
7.16,107.77,5,0,0
1.67,163.07,2,0,0
32.13,2.72,0,18,1
5.44,135.84,9,0,0
4.95,146.1,4,0,0
7.57,123.69,2,0,0
2.6,88.61,4,1,0
1.97,162.43,4,0,0
1.48,165.67,8,0,0
32.06,8.68,1,10,1
8.88,255.98,6,0,0
2.93,116.55,6,0,0
96.35,17.96,0,53,1
2.05,98.13,7,0,0
2.97,95.57,5,1,0
59.91,5.76,0,6,1
73.81,16.21,0,5,1
4.03,201.95,7,0,0
1.38,119.74,5,0,0
40.58,22.15,0,15,1
1.92,207.62,3,0,0
3.04,224.46,2,0,0
2.44,79.69,6,0,0
2.08,257.95,13,0,0
1.64,160.69,3,0,0
8.8,163.3,4,0,0
4.83,275.84,8,0,0
5.66,123.21,13,0,0
43.68,2.66,0,24,1
2.45,126.97,5,0,0
3.76,248.6,7,0,0
4.14,180.84,2,0,0
42.6,10.35,0,14,1
2.97,181.17,7,0,0
5.87,239.66,7,0,0
4.11,303.27,6,0,0
78.48,3.84,0,6,1
6.44,207.5,8,0,0
3.49,112.92,6,0,0
5.29,114.07,7,0,0
39.16,3.12,0,17,1
2.8,185.85,8,0,0
0.87,228.4,7,0,0
101.59,10.14,0,8,1
1.71,82.47,10,0,0
2.77,102.28,5,0,0
6.08,249.84,4,0,0
1.95,171.7,5,0,0
1.29,236.66,8,0,0
7.0,173.56,4,0,0
54.68,15.29,0,12,1
1.32,183.81,2,0,0
3.0,124.5,2,0,0
37.44,3.81,0,27,1
1.64,215.22,5,0,0
2.81,269.13,5,0,0
6.36,245.18,6,0,0
3.74,115.12,2,0,0
93.17,6.19,0,7,1
79.38,3.45,0,12,1
9.24,122.11,7,0,0
3.75,99.16,6,0,0
3.62,188.26,5,0,0
44.9,7.77,0,6,1
1.45,341.9,7,0,0
1.86,154.26,2,0,0
41.05,16.35,0,19,1
1.73,250.62,5,0,0
1.34,188.13,9,0,0
2.21,161.23,5,0,0
4.83,235.9,4,0,0
1.41,228.3,8,0,0
2.06,154.45,6,1,0
85.16,3.09,0,14,1
2.23,257.33,6,1,0
4.0,301.61,2,0,0
2.87,197.71,6,0,0
4.11,128.37,4,0,0
3.09,216.25,6,0,0
37.19,2.29,0,8,1
4.01,202.89,7,0,0
10.74,169.43,3,0,0
43.42,10.3,0,10,1
61.81,26.77,0,37,1
5.5,192.24,3,0,0
2.8,253.94,7,0,0
56.32,16.24,1,13,1
41.49,3.23,0,12,1
4.67,152.1,5,0,0
57.95,1.65,0,16,1
62.32,6.23,0,8,1
2.57,258.85,4,0,0
41.01,9.76,0,11,1
1.61,195.54,4,0,0
1.78,152.25,4,0,0
43.61,13.32,0,10,1
41.52,5.39,0,11,1
5.57,239.72,6,0,0
6.37,191.6,9,0,0
2.18,100.71,5,0,0
6.65,256.47,2,0,0
3.92,105.33,3,0,0
3.87,271.48,3,0,0
3.43,83.38,3,0,0
7.37,249.36,5,0,0
2.51,59.11,4,1,0
4.19,243.73,8,0,0
3.21,155.72,10,0,0
36.74,5.76,0,23,1
3.11,228.95,4,0,0
2.88,142.66,6,0,0
4.7,104.23,5,0,0
2.4,146.08,1,0,0
3.52,162.71,7,0,0
40.94,3.52,0,13,1
1.65,293.87,3,0,0
3.26,312.39,4,0,0
2.17,210.98,7,0,0
2.57,335.01,3,0,0
3.14,202.14,10,0,0
3.65,153.07,7,0,0
6.77,261.61,8,0,0
75.88,26.12,0,20,1
45.31,9.64,0,14,1
3.82,129.76,4,1,0
3.16,214.43,9,1,0
99.55,3.78,1,17,1
62.24,2.64,0,20,1
56.2,30.51,0,10,1
5.01,156.01,5,0,0
57.38,4.63,0,10,1
10.53,206.13,5,0,0
54.35,10.36,0,18,1
5.95,193.52,5,0,0
5.99,233.19,6,0,0
37.47,2.61,0,14,1
51.67,42.07,0,11,1
30.7,3.68,0,6,1
79.49,1.25,0,29,1
1.37,129.05,6,0,0
4.74,261.35,5,0,0
26.94,5.33,0,25,1
3.88,121.32,7,0,0
97.08,23.42,0,33,1
1.61,147.01,1,0,0
56.93,6.57,1,13,1
40.31,15.46,0,5,1
0.77,112.61,6,0,0
67.52,3.13,0,22,1
1.51,187.53,8,0,0
1.96,178.65,2,1,0
2.7,162.71,6,0,0
5.82,191.7,9,0,0
1.15,90.34,3,0,0
1.62,98.03,7,0,0
3.5,275.31,5,0,0
46.0,7.8,0,16,1
87.65,5.87,0,9,1
3.64,165.56,6,0,0
3.23,61.26,6,1,0
29.82,1.26,0,18,1
2.9,150.8,8,0,0
7.95,160.81,9,0,0
2.87,176.17,1,0,0
2.86,152.32,2,0,0
2.48,88.81,12,0,0
4.38,176.47,7,1,0
3.87,67.17,4,0,0
4.36,201.78,9,0,0
2.5,71.2,3,0,0
45.76,3.97,1,21,1
46.24,23.66,0,12,1
6.24,142.35,7,0,0
28.26,2.68,0,15,1
2.42,225.3,8,0,0
87.46,1.69,0,30,1
66.77,16.33,0,18,1
65.51,10.8,0,35,1
3.96,235.54,8,0,0
4.11,240.62,7,0,0
81.92,11.08,1,10,1
3.91,178.22,5,1,0
6.77,211.82,8,1,0
3.17,192.56,6,0,0
28.26,3.84,0,17,1
55.32,5.05,0,10,1
0.79,133.04,3,0,0
26.86,3.26,0,16,1
3.46,212.39,2,0,0
37.49,4.26,0,16,1
3.64,136.39,8,1,0
40.31,4.5,0,11,1
5.93,211.29,4,0,0
5.97,186.9,7,0,0
6.85,239.44,9,0,0
5.16,249.21,6,0,0
2.66,255.27,6,0,0
54.6,19.75,0,20,1
1.81,75.73,7,0,0
5.09,225.92,8,0,0
3.35,190.59,3,1,0
50.54,2.99,0,11,1
4.33,120.8,7,0,0
4.44,225.57,7,0,0
0.85,269.02,6,0,0
70.01,6.84,0,19,1
39.58,22.84,0,22,1
3.61,161.87,5,1,0
2.26,356.58,8,0,0
5.76,215.69,4,0,0
5.09,77.96,3,0,0
3.62,226.99,5,0,0
59.69,3.67,0,16,1
1.58,206.16,4,0,0
6.7,106.38,5,0,0
38.14,10.43,0,7,1
42.14,5.48,0,11,1
4.64,46.94,6,0,0
27.69,2.24,0,12,1
2.32,207.68,5,0,0
54.1,25.73,0,14,1
2.79,172.82,4,1,0
1.3,258.57,11,0,0
2.88,145.08,3,0,0
33.8,5.17,0,14,1
51.4,4.31,0,19,1
48.48,3.0,0,45,1
39.99,1.77,0,26,1
9.62,209.93,4,0,0
5.23,222.45,3,0,0
9.11,220.03,4,0,0
4.08,94.56,7,0,0
3.45,163.52,2,0,0
2.94,108.12,8,0,0
52.5,1.47,0,16,1
5.55,89.65,4,1,0
4.61,184.43,12,0,0
98.92,4.16,0,36,1
72.72,3.35,0,13,1
4.05,127.22,6,1,0
70.68,14.27,0,14,1
3.76,93.7,8,0,0
53.26,39.15,0,7,1
3.1,118.42,9,0,0
2.59,189.49,9,0,0
0.79,133.67,9,0,0
3.28,203.94,10,0,0
108.56,3.19,0,11,1
3.82,166.29,5,0,0
74.05,3.06,0,17,1
3.15,278.34,4,0,0
3.19,199.49,7,0,0
5.73,197.64,7,0,0
55.1,2.52,0,14,1
41.91,10.36,0,9,1
25.09,5.02,0,19,1
4.15,202.44,4,0,0
58.92,5.91,0,12,1
3.08,269.81,6,0,0
26.96,8.72,0,22,1
58.79,8.76,1,8,1
4.68,208.59,7,0,0
0.82,250.71,6,0,0
46.51,4.65,0,20,1
3.69,194.61,5,0,0
0.98,155.8,7,0,0
2.28,222.56,10,0,0
44.76,2.63,0,19,1
4.36,163.62,4,0,0
1.93,283.38,11,1,0
69.83,11.84,0,24,1
5.27,41.91,6,0,0
32.18,6.02,0,17,1
4.61,206.74,6,0,0
60.7,11.51,0,22,1
0.77,192.1,3,0,0
3.06,199.92,6,0,0
37.5,6.23,0,30,1
4.37,101.22,2,1,0
8.68,196.08,5,0,0
2.61,146.04,2,0,0
14.95,232.86,6,0,0
42.12,7.09,0,16,1
43.41,5.59,0,8,1
1.93,176.65,3,0,0
44.95,1.74,0,27,1
5.03,216.15,1,0,0
1.96,129.27,6,1,0
2.03,222.88,2,0,0
50.47,5.91,0,20,1
4.85,324.29,11,0,0
1.2,253.23,8,0,0
8.09,25.0,8,0,0
70.05,7.11,0,12,1
2.9,165.04,3,0,0
90.13,4.91,0,16,1
2.22,382.64,3,2,0
4.97,168.23,6,0,0
7.85,117.84,7,0,0
3.37,129.57,9,0,0
6.84,125.59,9,0,0
1.94,187.76,6,1,0
1.55,153.85,13,0,0
2.28,289.01,9,0,0
1.74,149.09,1,0,0
1.14,180.73,7,0,0
32.94,9.85,0,10,1
4.05,217.87,4,0,0
4.1,249.43,10,0,0
48.68,6.72,0,15,1
69.36,1.2,0,12,1
54.05,2.9,0,4,1
3.67,224.99,6,0,0
5.25,138.9,6,0,0
0.75,356.12,14,0,0
45.81,3.02,0,7,1
2.45,177.81,8,0,0
53.03,2.95,0,9,1
1.74,167.75,7,1,0
5.46,233.09,7,0,0
2.54,106.54,7,0,0
39.32,5.37,0,15,1
1.37,196.65,7,1,0
65.48,18.13,0,24,1
3.77,169.7,4,0,0
1.17,220.26,7,0,0
84.21,22.42,0,25,1
4.76,156.38,4,0,0
39.54,3.53,0,13,1
63.93,19.72,0,9,1
6.75,226.14,5,0,0
1.53,150.06,9,0,0
4.58,198.31,5,0,0
7.67,248.14,3,0,0
2.08,236.62,8,0,0
1.62,146.68,5,0,0
2.03,192.33,9,0,0
54.03,7.65,0,25,1
2.36,239.32,7,0,0
3.04,108.49,9,0,0
2.1,121.3,5,0,0
5.35,168.68,5,0,0
4.6,266.02,5,1,0
1.96,179.04,3,0,0
2.7,178.05,7,1,0
3.86,258.3,9,0,0
1.03,247.26,9,2,0
51.95,24.26,0,13,1
1.92,202.95,10,0,0
2.88,162.57,7,0,0
2.56,191.47,8,0,0
2.52,166.48,7,0,0
3.3,69.42,6,0,0
3.13,64.96,7,0,0
28.97,14.32,0,11,1
52.98,19.1,0,12,1
9.41,120.56,3,0,0
1.64,177.53,3,0,0
77.35,4.06,0,12,1
12.18,219.63,4,0,0
69.74,4.21,0,36,1
2.95,150.01,2,0,0
80.54,15.56,1,20,1
4.61,223.79,8,0,0
1.15,322.16,3,0,0
1.7,115.49,12,0,0
2.97,346.8,11,0,0
6.14,247.97,7,0,0
4.06,304.67,7,0,0
1.99,144.15,6,0,0
3.72,127.45,9,0,0
70.65,3.77,0,23,1
86.34,12.87,0,17,1
64.79,1.19,1,23,1
4.56,247.24,7,1,0
2.47,183.31,4,0,0
40.44,8.1,0,22,1
2.05,61.67,3,0,0
61.08,14.57,0,9,1
3.29,261.46,5,0,0
5.72,204.72,4,0,0
3.06,134.92,6,0,0
5.65,72.35,7,0,0
3.54,129.63,5,0,0
2.32,241.86,11,1,0
3.22,248.6,7,0,0
5.67,153.44,3,0,0
5.77,232.6,7,0,0
4.36,150.42,3,1,0
43.49,5.72,0,18,1
2.51,181.83,4,0,0
45.58,19.83,0,30,1
4.56,201.32,6,0,0
48.07,3.02,0,20,1
44.98,31.48,0,15,1
72.88,26.96,0,40,1
50.15,2.23,1,18,1
7.33,186.89,4,0,0
55.19,2.04,1,23,1
4.96,174.28,6,1,0
2.12,210.63,4,0,0
1.27,255.65,5,0,0
1.29,268.55,11,0,0
4.26,300.15,5,0,0
2.31,331.8,6,0,0
1.79,199.99,11,0,0
3.43,168.4,4,0,0
1.92,284.04,7,0,0
4.12,130.67,7,0,0
4.14,157.15,5,0,0
2.87,241.9,10,0,0
61.2,4.7,0,8,1
34.16,5.48,0,11,1
1.5,367.06,12,0,0
1.31,183.86,5,0,0
95.58,11.15,0,9,1
6.74,144.18,4,0,0
3.09,177.51,11,0,0
3.7,234.48,6,0,0
4.2,214.73,4,0,0
63.42,6.02,0,15,1
1.19,116.46,1,0,0
57.93,2.67,0,7,1
1.01,127.99,8,0,0
2.6,207.8,7,0,0
1.57,146.28,5,0,0
1.71,216.59,2,0,0
3.05,203.47,11,0,0
28.76,28.1,0,17,1
1.46,190.2,7,0,0
1.94,181.79,8,0,0
1.06,221.57,5,0,0
1.16,84.14,8,0,0
1.06,191.27,13,0,0
2.08,290.03,6,0,0
5.39,151.84,6,0,0
2.44,112.28,1,0,0
50.08,13.65,0,17,1
1.81,144.02,8,1,0
38.48,12.5,0,12,1
71.95,4.15,0,12,1
1.48,192.45,6,0,0
3.43,208.28,4,0,0
45.71,2.36,0,10,1
2.83,256.97,5,1,0
8.59,73.21,6,0,0
41.66,18.06,0,21,1
1.8,311.8,3,0,0
47.86,1.33,0,20,1
1.49,120.17,6,0,0
62.88,8.32,0,16,1
5.75,140.34,3,2,0
2.75,242.73,5,0,0
82.19,5.36,0,16,1
2.23,183.95,4,0,0
54.82,12.2,1,20,1
2.38,250.27,2,0,0
3.37,197.03,6,0,0
2.79,55.66,6,1,0
4.86,189.91,3,0,0
39.9,4.08,0,8,1
4.63,164.84,3,0,0
3.44,213.89,6,0,0
2.77,158.87,10,0,0
1.64,232.29,5,0,0
0.57,183.65,4,0,0
3.96,205.73,4,0,0
86.88,12.25,0,11,1
3.7,141.98,9,0,0
5.78,70.3,3,1,0
2.49,203.29,4,0,0
93.52,15.15,1,18,1
3.12,158.52,6,0,0
64.55,7.11,0,14,1
85.36,2.01,0,13,1
37.25,17.99,0,14,1
6.12,174.97,5,0,0
62.86,6.81,1,9,1
5.21,318.34,7,0,0
3.9,131.54,9,0,0
7.34,239.47,6,0,0
45.44,1.13,0,19,1
3.3,289.95,5,0,0
2.0,142.17,6,1,0
2.58,279.78,3,0,0
6.13,268.77,8,0,0
1.88,183.51,6,0,0
3.73,193.93,6,0,0
1.52,155.72,5,0,0
2.99,121.08,6,1,0
2.65,187.8,9,0,0
2.04,156.4,5,0,0
2.45,152.77,10,0,0
0.84,123.6,3,0,0
1.15,170.37,3,0,0
5.68,228.58,2,0,0
45.48,2.68,0,11,1
47.65,4.0,0,17,1
2.77,128.93,6,0,0
2.46,90.05,6,0,0
56.37,1.53,0,28,1
40.29,1.5,0,16,1
2.3,182.31,6,0,0
53.3,14.86,0,14,1
1.04,185.24,1,0,0
32.3,10.39,0,22,1
11.78,109.4,5,0,0
3.62,102.63,7,0,0
57.96,26.09,0,13,1
2.94,266.06,5,0,0
2.49,188.4,3,0,0
4.24,126.84,8,0,0
2.21,96.0,8,0,0
52.58,19.13,0,29,1
4.42,136.61,9,1,0
2.14,252.39,6,0,0
1.03,175.95,4,0,0
5.88,155.19,2,0,0
5.67,255.14,6,0,0
2.29,160.3,6,0,0
41.42,11.01,0,9,1
2.32,194.17,5,1,0
59.89,27.64,0,4,1
77.93,1.07,1,11,1
3.06,300.81,5,0,0
2.64,99.14,7,0,0
28.53,3.01,1,17,1
77.59,7.04,0,12,1
45.96,28.14,0,21,1
3.68,194.03,17,0,0
2.07,290.78,6,0,0
30.27,3.59,0,24,1
5.09,176.49,6,0,0
1.43,149.45,6,0,0
3.04,188.66,7,0,0
43.9,32.21,0,7,1
2.91,118.81,5,0,0
12.38,191.58,6,0,0
1.83,196.87,5,0,0
3.05,122.82,5,0,0
2.92,206.65,4,0,0
8.64,146.93,6,1,0
36.5,16.18,1,29,1
1.74,228.62,8,0,0
2.36,275.24,3,0,0
1.9,136.12,2,1,0
5.02,251.26,3,0,0
4.81,101.93,7,0,0
51.07,2.79,0,15,1
2.82,237.19,6,0,0
7.71,93.44,9,0,0
4.44,242.84,5,0,0
1.46,130.78,3,0,0
41.14,6.27,0,27,1
70.51,8.12,0,17,1
7.29,102.92,4,0,0
72.22,2.73,1,8,1
5.63,210.58,3,0,0
3.36,169.84,9,0,0
40.35,4.42,0,40,1
3.6,164.1,5,0,0
7.68,186.48,5,0,0
2.0,138.16,7,0,0
2.08,176.08,7,0,0
62.07,11.72,0,7,1
1.95,142.31,3,0,0
3.58,180.97,5,0,0
3.0,238.35,7,0,0
42.36,29.3,0,16,1
1.16,140.5,4,0,0
2.86,232.33,10,0,0
36.4,18.69,0,26,1
2.46,188.28,4,0,0
2.52,158.25,3,1,0
2.87,73.9,9,0,0
33.62,1.72,0,18,1
2.0,153.89,7,0,0
3.09,139.83,7,0,0
6.56,191.22,5,0,0
90.14,4.37,0,19,1
35.89,6.85,0,8,1
1.09,100.56,9,0,0
0.99,156.17,7,0,0
6.05,138.8,7,0,0
2.73,198.63,9,0,0
0.78,302.23,7,0,0
4.52,196.13,4,0,0
1.92,177.89,5,0,0
4.35,254.61,4,0,0
85.67,13.99,0,24,1
1.91,239.66,8,0,0
3.05,109.69,3,0,0
55.76,4.57,0,12,1
38.26,5.77,0,11,1
45.9,6.5,0,14,1
2.34,126.43,6,0,0
2.7,178.12,10,0,0
2.42,224.85,4,0,0
8.52,152.6,8,0,0
2.59,184.54,6,1,0
2.81,189.41,12,0,0
5.06,25.0,3,0,0
9.66,228.56,8,0,0
3.3,185.52,8,0,0
29.71,3.33,0,18,1
3.86,156.41,3,0,0
2.33,131.15,4,0,0
73.02,1.56,0,35,1
2.7,118.6,7,0,0
30.15,17.02,0,7,1
2.25,174.69,5,0,0
2.66,119.07,2,0,0
5.02,108.75,7,0,0
51.53,2.94,0,11,1
1.45,97.0,2,0,0
53.21,12.12,0,12,1
113.32,1.86,0,39,1
3.4,194.39,6,1,0
3.9,227.34,5,0,0
43.66,6.43,1,12,1
3.97,249.39,5,0,0
8.36,190.82,5,0,0
1.75,167.74,3,0,0
6.65,335.16,4,0,0
2.06,196.3,7,0,0
4.1,214.53,7,0,0
94.75,2.06,0,19,1
2.88,193.75,3,0,0
1.98,145.29,7,0,0
45.83,6.38,0,6,1
4.29,246.37,5,0,0
68.35,19.51,0,14,1
46.88,3.01,0,15,1
3.73,262.34,4,0,0
1.84,189.49,3,0,0
35.25,5.07,0,5,1
3.72,163.13,11,0,0
0.7,199.86,2,0,0
3.38,70.22,10,1,0
2.4,152.9,9,0,0
1.52,229.36,5,0,0
4.84,130.69,4,0,0
7.63,131.61,4,0,0
6.26,157.16,8,0,0
3.97,252.88,5,0,0
3.71,172.74,9,0,0
5.37,214.35,7,0,0
1.69,224.48,3,0,0
4.47,212.02,5,1,0
1.35,262.47,9,0,0
4.65,36.24,7,0,0
50.79,3.17,0,13,1
1.78,216.8,6,0,0
2.74,162.69,5,0,0
2.01,152.98,6,0,0
49.64,2.13,0,4,1
1.47,25.0,2,0,0
6.45,184.71,5,0,0
35.18,8.46,0,9,1
3.64,175.75,4,0,0
40.66,19.69,0,33,1
4.89,347.53,6,0,0
33.76,5.72,0,14,1
2.53,136.97,8,1,0
2.31,183.59,7,1,0
2.0,113.41,6,0,0
1.07,287.23,7,0,0
42.11,2.36,0,12,1
1.31,191.28,10,0,0
7.66,226.37,11,0,0
40.77,1.77,0,10,1
3.86,157.84,4,0,0
2.17,121.24,7,0,0
3.94,197.6,10,0,0
61.74,2.0,0,18,1
5.66,167.65,2,0,0
10.5,174.29,5,0,0
49.31,5.44,0,21,1
34.78,12.2,0,19,1
45.93,3.93,0,13,1
2.5,150.86,10,0,0
2.33,250.91,3,0,0
85.59,5.7,0,9,1
30.81,14.85,0,23,1
39.01,3.62,0,13,1
1.37,135.45,6,0,0
3.79,199.94,10,0,0
2.11,77.9,4,1,0
3.63,210.26,3,0,0
40.29,11.43,0,23,1
2.94,165.13,3,0,0
2.56,131.54,8,0,0
1.94,102.84,7,1,0
3.49,231.04,4,0,0
38.61,9.86,0,21,1
52.67,10.94,0,14,1
3.13,50.61,5,0,0
3.55,118.93,5,0,0
55.34,18.84,0,25,1
1.78,168.76,6,0,0
59.86,5.83,0,29,1
61.95,21.7,0,14,1
65.23,4.42,0,19,1
5.16,338.2,6,1,0
5.07,86.43,4,0,0
3.41,216.48,6,0,0
53.83,2.39,0,16,1
7.86,213.41,2,0,0
4.66,160.59,12,1,0
29.22,4.57,0,11,1
3.4,142.91,8,0,0
39.31,5.39,0,18,1
3.53,152.24,8,0,0
3.12,162.57,6,0,0
1.52,243.6,10,0,0
39.49,1.6,0,19,1
11.7,241.65,6,0,0
76.58,13.22,0,24,1
3.89,161.08,3,1,0
3.54,240.94,3,0,0
1.33,44.65,9,0,0
50.34,13.39,0,15,1
3.65,169.01,4,0,0
6.79,161.24,2,0,0
3.24,205.94,6,0,0
4.47,134.71,3,0,0
45.18,7.71,0,36,1
60.5,1.68,0,11,1
3.85,226.04,7,0,0
2.32,74.21,8,0,0
47.11,12.18,0,22,1
95.09,3.94,0,19,1
56.55,1.9,0,21,1
3.95,246.1,9,0,0
4.47,135.95,4,0,0
6.07,177.32,6,0,0
4.67,260.53,13,0,0
49.31,24.9,0,19,1
2.02,217.93,8,0,0
65.32,24.14,0,19,1
8.87,194.52,5,0,0
4.38,186.2,4,0,0
45.92,21.19,0,12,1
90.11,9.26,1,14,1
4.1,176.88,2,0,0
2.86,95.02,2,0,0
5.41,142.13,15,0,0
101.02,6.93,0,18,1
80.85,2.3,0,35,1
2.43,139.19,3,0,0
8.24,188.38,8,0,0
5.59,78.76,3,0,0
4.96,98.77,7,1,0
2.08,226.41,5,0,0
2.74,131.14,8,0,0
54.26,12.84,0,14,1
2.78,63.87,6,0,0
3.82,181.39,7,0,0
2.0,251.71,4,0,0
1.46,25.0,7,0,0
0.81,93.49,4,0,0
0.99,144.18,5,1,0
76.12,4.0,0,6,1
35.7,1.02,0,11,1
4.33,182.38,8,0,0
56.37,6.25,0,16,1
5.58,255.46,9,0,0
1.27,113.13,5,0,0
78.08,22.19,0,39,1
34.14,4.32,0,24,1
23.37,1.32,0,17,1
75.17,16.6,0,11,1
49.07,19.19,0,22,1
3.78,208.57,8,0,0
60.96,9.21,0,9,1
2.98,55.16,4,0,0
4.49,183.58,4,0,0
41.11,5.9,0,20,1
48.07,7.96,0,20,1
2.6,265.21,4,0,0
2.12,132.15,4,0,0
7.59,128.13,5,0,0
2.62,346.1,8,0,0
31.36,3.99,0,30,1
2.48,124.01,10,0,0
49.72,1.32,0,25,1
3.22,243.57,5,0,0
4.8,215.53,4,0,0
5.7,238.28,7,0,0
3.59,226.2,6,0,0
35.04,2.96,0,14,1
53.75,2.84,0,23,1
1.83,174.43,5,0,0
37.18,5.14,0,17,1
1.88,257.43,11,0,0
3.07,253.44,9,0,0
7.18,83.93,6,0,0
4.78,199.63,9,0,0
5.06,167.44,1,0,0
87.24,5.1,0,12,1
2.49,172.41,1,0,0
1.3,224.07,7,0,0
3.23,262.54,5,0,0
4.88,273.31,3,0,0
4.56,135.92,3,0,0
5.04,91.73,3,0,0
47.23,10.18,0,11,1
33.91,17.69,0,17,1
3.4,204.68,6,0,0
37.54,12.88,0,18,1
1.65,97.49,5,0,0
2.17,116.85,5,0,0
1.96,190.71,4,0,0
55.41,12.88,0,13,1
1.63,120.31,7,0,0
1.01,295.04,7,0,0
4.29,192.2,9,0,0
6.72,218.12,4,0,0
4.52,176.11,2,0,0
3.03,178.15,9,0,0
5.5,246.46,2,1,0
2.05,152.03,5,0,0
2.9,76.56,6,0,0
2.67,222.46,2,0,0
80.22,13.96,0,31,1
3.76,202.11,7,0,0
4.16,333.63,6,0,0
42.52,2.34,0,18,1
5.1,159.37,6,0,0
6.02,131.67,10,0,0
3.44,252.64,1,0,0
1.54,276.47,3,0,0
4.47,303.07,3,0,0
1.38,101.25,8,0,0
4.38,170.15,6,0,0
27.58,5.16,0,10,1
65.95,18.0,1,36,1
39.92,9.29,0,33,1
2.13,137.83,8,0,0
2.35,235.52,6,0,0
60.74,11.45,0,10,1
54.79,3.7,0,6,1
1.17,71.28,6,0,0
37.29,39.24,0,17,1
1.32,100.8,3,0,0
2.29,94.27,10,0,0
2.31,230.44,7,0,0
1.94,202.41,8,0,0
4.05,203.94,9,0,0
2.4,60.6,7,0,0
3.94,195.44,7,1,0
1.64,196.88,8,1,0
4.33,141.79,5,0,0
1.13,50.28,8,0,0
66.38,4.55,0,15,1
2.08,187.87,7,0,0
7.8,112.28,7,0,0
1.25,209.52,8,0,0
2.58,170.83,4,0,0
1.74,161.04,10,0,0
44.46,8.68,0,20,1
65.62,17.91,0,5,1
0.84,142.0,1,0,0
40.05,22.4,0,20,1
72.59,30.41,0,12,1
78.36,3.82,0,21,1
2.21,110.78,4,0,0
28.01,13.13,0,10,1
4.69,124.48,5,0,0
1.71,132.55,12,0,0
1.87,102.41,9,0,0
2.96,139.08,7,0,0
11.06,120.69,6,0,0
67.79,8.95,0,33,1
7.84,147.51,11,0,0
4.82,86.82,7,0,0
0.85,88.22,4,0,0
4.15,194.26,6,0,0
3.09,197.57,5,0,0
7.76,272.25,5,0,0
2.06,146.33,4,0,0
3.31,214.0,1,0,0
6.11,201.65,5,0,0
29.9,27.65,0,37,1
3.52,269.7,8,0,0
72.87,1.76,0,11,1
52.94,2.19,0,27,1
64.71,3.27,0,28,1
1.8,149.4,4,0,0
2.08,238.02,7,0,0
43.02,6.18,0,29,1
4.19,257.35,6,0,0
4.23,137.92,11,0,0
55.59,3.45,0,10,1
5.51,120.75,5,1,0
5.56,204.79,5,1,0
80.35,18.6,0,12,1
5.94,205.14,6,0,0
55.42,1.56,0,17,1
2.82,184.77,5,0,0
2.29,217.28,5,0,0
69.58,2.69,0,8,1
2.46,207.37,7,0,0
2.43,217.49,6,0,0
2.5,119.57,6,0,0
3.29,236.76,4,0,0
2.05,143.21,8,1,0
1.7,130.75,4,0,0
5.64,154.73,5,0,0
1.12,142.26,2,1,0
58.13,3.7,0,31,1
1.99,217.0,3,0,0
2.2,126.14,6,0,0
1.55,204.55,4,0,0
2.45,154.39,4,0,0
1.45,241.3,4,0,0
1.29,206.51,9,0,0
5.4,272.35,4,0,0
70.1,4.67,0,12,1
60.82,31.16,0,9,1
5.55,181.31,9,0,0
4.95,144.49,5,0,0
2.85,108.35,9,0,0
2.66,168.73,8,0,0
0.8,153.08,9,0,0
82.21,28.67,0,27,1
4.32,107.39,7,0,0
2.68,212.58,8,0,0
4.1,223.75,6,0,0
49.19,7.21,0,31,1
37.28,10.52,0,25,1
35.42,22.82,0,18,1
4.18,167.16,9,1,0
59.46,8.04,0,14,1
57.52,7.6,0,17,1
8.14,140.71,4,0,0
4.52,131.81,5,0,0
9.18,165.16,4,0,0
2.37,168.27,7,0,0
6.52,260.36,3,0,0
78.45,4.2,0,21,1
5.05,154.04,6,0,0
5.57,100.58,5,0,0
3.12,179.28,5,0,0
54.06,5.96,0,5,1
2.0,258.84,6,0,0
1.13,125.6,5,0,0
2.57,173.13,4,0,0
4.34,168.12,8,0,0
2.52,142.35,12,0,0
4.92,263.97,3,0,0
2.99,158.46,5,0,0
3.49,223.49,5,0,0
6.4,255.37,4,0,0
53.86,4.04,0,19,1
1.92,198.82,9,0,0
7.82,246.41,14,1,0
8.77,99.02,4,0,0
6.47,298.34,3,0,0
36.44,7.1,0,29,1
2.54,144.45,4,0,0
1.2,269.5,5,0,0
76.58,5.36,0,14,1
61.29,14.48,0,22,1
3.69,256.08,4,0,0
3.96,169.07,7,0,0
1.35,260.32,4,0,0
2.39,210.56,3,0,0
2.97,205.74,5,0,0
7.58,194.65,7,0,0
27.07,15.7,0,8,1
55.88,26.18,0,28,1
2.74,250.06,7,0,0
26.36,6.1,0,26,1
3.41,36.54,9,0,0
1.61,105.29,3,0,0
2.5,266.29,10,0,0
52.03,17.5,0,12,1
33.27,8.58,0,30,1
2.11,144.52,5,0,0
31.71,9.23,0,10,1
2.27,162.92,3,0,0
2.03,125.63,6,0,0
2.24,162.13,4,0,0
2.17,200.84,1,0,0
52.01,8.03,1,16,1
7.67,248.27,5,0,0
8.39,25.0,6,0,0
2.35,125.3,5,0,0
1.51,171.38,4,0,0
44.29,5.42,0,10,1
6.98,51.85,5,0,0
2.97,186.18,5,0,0
3.62,251.62,7,0,0
2.6,148.32,11,0,0
42.07,23.0,0,8,1
65.75,3.4,0,9,1
47.23,11.26,0,12,1
4.49,132.26,9,0,0
78.55,20.31,0,14,1
129.66,2.83,0,13,1
5.28,253.83,5,0,0
2.58,145.87,4,0,0
4.64,154.86,14,0,0
1.81,110.58,7,0,0
38.3,5.09,0,25,1
4.33,280.89,7,0,0
1.53,220.02,2,2,0
44.56,9.19,0,16,1
4.47,193.52,8,0,0
1.79,85.71,2,0,0
5.65,280.04,9,0,0
1.15,140.73,3,0,0
107.31,1.3,0,18,1
4.11,125.37,7,0,0
42.0,5.73,0,35,1
3.14,201.1,7,0,0
46.99,2.85,0,14,1
1.38,307.47,7,0,0
27.38,8.51,0,12,1
3.91,185.56,8,0,0
2.57,110.22,7,0,0
41.14,19.32,0,38,1
1.69,140.06,6,0,0
37.34,1.48,0,6,1
51.02,4.21,0,10,1
4.72,236.24,3,0,0
2.8,143.53,5,0,0
1.56,150.16,11,0,0
0.9,266.82,7,0,0
3.92,67.51,3,0,0
49.03,2.19,0,42,1
2.79,205.3,6,0,0
1.17,110.58,7,0,0
0.79,170.61,5,0,0
3.23,143.49,6,0,0
2.63,192.04,7,0,0
2.93,157.46,8,0,0
2.88,232.65,6,0,0
4.54,179.07,10,0,0
47.45,13.22,0,23,1
4.71,208.55,5,0,0
48.53,1.18,0,11,1
3.36,181.2,7,0,0
47.04,10.04,1,12,1
5.41,246.51,3,0,0
4.53,203.7,3,0,0
86.51,7.42,0,22,1
2.57,125.49,5,0,0
1.09,151.39,3,0,0
0.91,163.8,4,0,0
2.04,163.45,6,0,0
3.72,135.99,6,0,0
1.93,25.0,5,1,0
2.95,252.35,6,0,0
1.94,128.79,7,0,0
25.17,32.44,0,8,1
3.43,241.99,2,1,0
2.16,110.9,7,0,0
1.98,240.91,4,0,0
77.51,1.05,0,22,1
3.22,256.36,6,0,0
2.06,208.2,5,0,0
4.71,241.32,4,0,0
2.3,236.03,3,0,0
2.41,243.4,5,0,0
2.69,264.83,6,1,0
1.79,134.29,4,1,0
48.36,24.81,0,19,1
1.43,163.45,3,0,0
28.52,7.7,0,10,1
2.18,164.46,11,1,0
5.77,115.23,4,0,0
42.73,2.55,0,9,1
4.96,188.73,8,0,0
3.16,89.95,5,0,0
3.2,87.81,4,0,0
2.81,240.96,5,0,0
2.66,169.73,4,0,0
22.56,9.59,0,17,1
1.0,241.3,2,0,0
2.28,211.65,7,0,0
1.47,228.07,10,0,0
40.48,20.55,0,28,1
1.41,300.51,6,0,0
4.66,109.37,8,0,0
58.33,41.78,0,28,1
29.09,1.79,0,25,1
3.15,69.69,7,0,0
45.55,7.63,0,11,1
5.7,188.66,5,0,0
1.28,139.17,4,0,0
7.55,131.44,11,0,0
2.78,232.44,8,0,0
3.29,212.44,3,0,0
40.48,7.37,0,19,1
55.36,10.23,0,20,1
3.61,259.72,7,0,0
47.77,2.32,1,26,1
0.86,297.19,7,0,0
2.62,128.73,5,0,0
3.72,212.48,9,0,0
52.63,1.49,1,21,1
1.8,216.66,6,0,0
5.76,211.84,3,1,0
74.78,2.03,0,7,1
5.23,247.0,8,0,0
1.09,104.79,8,0,0
4.67,200.0,3,0,0
115.2,3.34,0,15,1
33.4,23.12,0,26,1
85.27,12.14,0,11,1
3.06,146.47,4,0,0
3.69,188.84,7,0,0
3.9,207.65,3,0,0
6.78,183.49,6,1,0
33.43,5.05,0,22,1
2.41,161.89,6,0,0
3.17,234.39,5,0,0
1.71,119.24,8,0,0
68.28,12.54,0,20,1
37.2,5.88,0,21,1
59.08,37.48,0,35,1
58.63,5.82,1,12,1
5.7,73.16,9,0,0
2.58,135.51,12,0,0
88.81,5.18,0,12,1
3.92,195.86,4,0,0
64.42,9.29,0,32,1
0.8,208.95,4,0,0
3.68,157.47,5,0,0
1.15,176.23,9,0,0
1.36,148.27,7,1,0
41.44,1.69,0,30,1
65.98,1.48,0,13,1
3.62,215.1,9,0,0
2.21,194.45,11,0,0
3.02,130.93,4,0,0
65.32,16.78,0,18,1
4.98,162.6,7,0,0
3.66,170.1,6,0,0
2.41,201.61,6,0,0
50.86,3.77,0,25,1
61.22,3.14,0,10,1
50.67,6.95,0,15,1
0.9,263.49,10,0,0
3.45,272.24,6,0,0
5.08,146.84,7,0,0
42.03,9.78,1,18,1
4.08,226.81,8,0,0
3.51,189.62,6,0,0
4.61,134.19,3,0,0
3.89,99.63,3,0,0
79.88,18.33,0,18,1
7.01,186.84,5,1,0
1.98,97.8,12,0,0
7.0,211.67,10,0,0
62.06,17.76,0,7,1
54.13,13.89,0,24,1
57.22,12.68,1,25,1
48.12,6.65,1,16,1
53.36,12.66,0,8,1
74.12,7.55,0,10,1
36.75,7.78,0,12,1
39.36,7.47,0,18,1
1.14,84.59,6,0,0
6.53,141.59,8,0,0
40.89,7.49,0,20,1
2.55,156.39,7,0,0
47.53,5.46,0,22,1
4.27,110.61,11,0,0
5.59,126.86,6,0,0
3.09,107.64,3,0,0
70.11,2.87,0,6,1
6.34,329.91,7,0,0
1.05,190.44,6,0,0
3.34,53.59,4,0,0
86.28,5.29,0,31,1
40.1,7.59,0,6,1
91.97,18.88,0,9,1
37.96,3.52,0,8,1
30.69,10.27,0,11,1
5.0,178.27,10,1,0
1.32,182.51,8,0,0
53.1,18.73,0,7,1
52.39,2.05,0,18,1
2.61,133.24,6,0,0
33.93,9.42,0,24,1
6.28,200.34,4,0,0
71.74,12.94,0,11,1
1.11,176.03,6,0,0
70.98,24.92,0,30,1
4.37,199.92,10,0,0
5.33,231.92,5,0,0
2.16,70.46,10,0,0
4.32,209.92,3,0,0
82.14,3.09,0,15,1
4.03,152.01,7,0,0
1.6,218.51,8,0,0
71.44,9.39,0,14,1
4.69,180.85,9,0,0
2.83,77.45,8,0,0
3.68,25.0,3,0,0
31.23,1.61,0,10,1
1.24,138.58,7,0,0
54.55,45.0,0,5,1
4.09,203.75,5,0,0
7.3,156.93,2,0,0
1.94,221.59,7,0,0
2.21,233.9,2,0,0
33.19,4.09,0,24,1
53.31,4.36,0,15,1
1.66,132.18,4,0,0
3.89,248.24,8,0,0
5.6,30.75,6,0,0
56.76,13.09,0,16,1
2.16,162.03,7,1,0
1.18,271.7,2,0,0
52.56,1.18,0,23,1
5.34,103.83,5,0,0
2.15,260.76,4,0,0
47.63,5.94,0,8,1
54.38,1.44,0,14,1
2.03,121.06,7,1,0
48.41,29.39,0,18,1
2.15,265.44,7,0,0
7.51,230.81,8,0,0
56.94,2.13,0,28,1
2.66,167.86,3,1,0
3.92,28.7,9,0,0
2.92,238.59,7,0,0
3.44,279.85,9,0,0
4.18,194.98,12,0,0
1.57,110.56,6,1,0
2.16,166.77,7,0,0
1.4,237.89,8,0,0
1.29,158.52,5,0,0
3.16,137.32,8,0,0
100.91,11.31,0,15,1
2.82,209.08,9,0,0
6.3,303.12,11,0,0
45.47,4.0,0,7,1
66.94,3.01,0,15,1
5.09,261.12,8,0,0
8.06,178.11,3,0,0
1.69,180.11,7,0,0
2.18,253.31,8,0,0
4.95,91.66,8,0,0
3.46,264.68,4,0,0
6.01,197.53,6,0,0
44.58,14.61,0,16,1
1.21,174.83,3,0,0
4.93,247.13,5,0,0
4.6,100.01,3,0,0
4.03,236.62,6,0,0
3.83,129.71,6,1,0
1.4,56.79,6,0,0
8.29,196.14,4,0,0
6.82,175.06,4,1,0
38.21,13.38,0,10,1
49.48,1.89,0,20,1
1.74,153.3,4,0,0
1.29,238.76,5,0,0
3.21,142.37,7,0,0
2.06,109.91,4,0,0
95.15,7.56,0,24,1
3.08,254.57,3,0,0
6.43,161.96,3,0,0
4.19,143.33,9,2,0
2.37,222.26,8,0,0
4.77,103.86,10,0,0
54.44,8.81,0,7,1
5.43,191.89,8,0,0
4.61,114.14,7,0,0
3.09,193.1,6,0,0
2.93,190.61,4,0,0
9.96,181.93,2,1,0
2.06,134.06,7,0,0
3.0,150.05,3,0,0
4.14,167.96,10,0,0
7.55,159.53,8,0,0
1.8,167.65,6,0,0
71.38,2.71,0,24,1
51.94,1.52,0,12,1
1.64,178.55,3,0,0
2.11,102.1,10,0,0
4.67,131.79,2,0,0
4.65,256.87,6,0,0
0.96,58.06,5,0,0
3.1,154.93,12,0,0
6.97,105.86,8,0,0
59.2,21.67,0,15,1
42.59,28.82,0,16,1
45.28,9.17,0,17,1
2.73,212.68,5,0,0
0.83,114.11,4,0,0
50.22,16.1,0,11,1
0.72,302.41,4,0,0
3.25,164.58,8,0,0
58.31,1.14,0,19,1
1.74,25.0,7,0,0
6.52,140.6,6,0,0
50.56,4.76,0,29,1
2.14,277.02,6,1,0
1.69,80.69,5,0,0
27.74,1.15,0,19,1
0.99,237.23,14,0,0
38.2,8.13,0,15,1
1.04,42.85,8,0,0
33.91,1.9,0,8,1
2.68,84.77,5,0,0
4.17,303.59,8,1,0
52.51,11.93,0,16,1
1.66,243.47,8,0,0
56.17,11.39,0,17,1
1.23,119.49,7,0,0
51.18,4.68,0,26,1
2.69,206.23,11,1,0
7.36,199.89,6,0,0
44.71,2.36,0,12,1
2.18,55.9,5,0,0
59.04,15.04,0,16,1
8.67,172.94,9,0,0
0.95,87.15,3,0,0
65.91,1.88,0,7,1
52.58,22.2,0,16,1
5.4,151.19,6,0,0
6.68,127.08,8,0,0
43.75,29.59,0,15,1
1.0,63.9,7,0,0
1.51,142.19,6,0,0
2.66,277.81,5,0,0
4.71,222.75,9,0,0
3.87,137.77,7,0,0
4.76,156.87,7,0,0
60.28,4.64,0,30,1
2.85,153.38,9,0,0
1.51,150.03,9,0,0
2.63,161.64,5,0,0
3.14,239.84,3,0,0
5.05,128.69,8,0,0
3.42,164.06,9,0,0
4.21,243.48,4,0,0
29.38,2.5,0,33,1
50.96,5.19,0,38,1
4.4,180.46,10,0,0
1.47,153.89,5,0,0
3.74,227.29,5,0,0
69.64,3.92,1,27,1
75.52,42.45,0,7,1
3.06,203.69,3,0,0
2.66,203.64,5,0,0
66.68,2.56,0,14,1
39.51,6.81,0,12,1
41.9,2.57,1,28,1
34.93,1.51,0,27,1
64.9,11.19,0,12,1
1.52,162.11,4,0,0
5.96,195.87,3,0,0
47.05,25.81,0,8,1
5.29,183.14,5,2,0
2.42,197.95,7,0,0
5.5,205.12,7,0,0
2.02,195.91,9,0,0
8.77,188.93,10,0,0
1.58,169.72,3,0,0
1.54,216.24,7,0,0
69.9,4.61,0,17,1
5.5,121.3,12,0,0
1.77,135.46,12,0,0
4.59,125.56,5,1,0
91.43,1.95,0,19,1
2.01,144.55,2,0,0
4.24,153.58,6,0,0
50.94,7.33,0,8,1
47.6,2.88,0,16,1
79.06,9.49,0,9,1
1.84,216.22,5,0,0
4.09,199.39,6,0,0
3.77,98.28,7,0,0
1.24,145.26,7,0,0
5.03,156.1,5,0,0
4.56,201.23,6,0,0
5.26,168.93,2,0,0
102.82,12.94,0,11,1
70.75,9.99,1,15,1
3.19,178.54,6,1,0
3.93,239.71,10,0,0
2.37,157.04,5,0,0
5.41,67.18,5,0,0
44.86,17.79,1,17,1
109.91,1.92,0,16,1
6.08,175.04,7,0,0
4.6,227.12,4,0,0
3.25,139.21,9,0,0
1.83,146.68,6,0,0
1.88,154.72,9,0,0
4.13,71.44,5,0,0
6.96,157.72,5,2,0
1.63,196.98,2,0,0
2.67,228.5,6,0,0
1.54,115.08,1,0,0
14.16,102.86,9,0,0
3.04,269.58,6,0,0
4.3,166.8,6,0,0
41.63,3.3,0,7,1
6.07,197.53,4,0,0
2.99,143.96,6,0,0
4.57,224.76,7,0,0
7.9,321.92,7,0,0
62.79,14.28,0,24,1
1.99,229.18,7,0,0
55.83,1.29,0,13,1
3.68,160.51,8,0,0
6.64,233.81,8,0,0
2.96,240.38,5,0,0
2.91,194.26,6,0,0
4.64,188.58,8,0,0
1.52,177.65,3,0,0
41.36,4.14,0,33,1
66.25,21.9,0,4,1
1.49,174.24,5,0,0
7.6,172.94,2,0,0
5.8,264.52,8,0,0
4.14,230.77,7,1,0
45.14,10.43,0,13,1
5.09,173.32,6,0,0
3.05,264.91,3,0,0
5.06,220.05,4,0,0
3.83,184.74,5,1,0
3.8,178.8,10,0,0
7.0,140.21,11,0,0
2.18,187.46,8,0,0
81.26,9.68,0,23,1
2.19,197.68,5,1,0
6.28,302.92,2,0,0
2.19,188.91,7,1,0
4.68,217.85,8,0,0
1.73,198.87,6,0,0
4.39,137.07,6,0,0
45.72,2.02,0,11,1
3.66,237.75,5,0,0
48.73,14.6,0,25,1
1.78,222.6,4,0,0
2.12,90.93,5,0,0
2.42,244.42,6,0,0
3.16,194.51,6,0,0
2.7,125.83,6,0,0
1.44,245.37,3,0,0
1.77,158.85,7,0,0
47.19,17.69,0,17,1
4.11,218.49,9,0,0
85.95,1.98,0,17,1
58.21,11.22,0,13,1
5.92,115.46,2,0,0
1.55,288.46,5,0,0
4.72,308.75,5,1,0
76.85,13.19,0,5,1
47.85,14.41,0,27,1
47.58,7.43,0,9,1
4.78,220.51,4,0,0
2.59,269.38,8,0,0
26.69,7.69,0,10,1
4.22,76.94,5,0,0
1.72,219.95,1,0,0
37.21,9.59,0,9,1
2.43,369.47,7,0,0
67.76,2.1,0,7,1
60.62,4.8,0,29,1
87.8,6.55,0,14,1
34.58,5.43,0,13,1
0.75,175.14,12,0,0
65.44,2.32,0,12,1
40.82,4.42,0,19,1
71.61,7.0,0,7,1
1.25,148.41,10,0,0
3.5,251.43,7,0,0
56.71,7.19,0,20,1
51.83,7.23,0,31,1
2.96,190.98,5,0,0
39.26,1.28,1,9,1
27.45,6.71,0,15,1
2.81,211.82,3,0,0
43.6,1.45,0,22,1
3.48,255.32,6,0,0
6.04,199.72,4,0,0
0.86,233.59,3,0,0
1.15,216.55,2,0,0
67.2,31.56,0,17,1
4.36,193.0,8,0,0
60.87,10.46,0,8,1
2.4,213.44,5,0,0
50.85,15.72,0,29,1
2.26,112.75,6,0,0
7.7,178.25,5,0,0
1.27,52.79,4,0,0
3.75,223.38,8,0,0
6.38,249.14,5,0,0
1.48,55.67,10,0,0
1.53,200.79,6,0,0
3.38,159.99,3,0,0
61.38,8.18,0,14,1
2.03,165.24,14,0,0
1.85,90.64,7,0,0
64.81,4.52,0,13,1
5.26,244.29,6,0,0
4.08,208.84,8,0,0
1.99,241.63,4,0,0
49.29,9.57,0,14,1
4.14,138.1,8,0,0
42.28,9.12,0,17,1
2.53,64.44,6,0,0
54.79,22.98,0,25,1
6.22,204.04,4,0,0
1.69,155.82,9,0,0
1.58,218.68,4,0,0
4.1,124.31,7,0,0
1.04,67.61,6,0,0
59.4,1.94,0,18,1
3.1,165.98,7,0,0
50.95,1.95,0,8,1
2.07,97.36,7,0,0
3.11,211.24,3,0,0
3.48,186.15,6,0,0
1.54,126.16,8,0,0
3.37,215.38,10,0,0
1.94,241.11,3,0,0
38.83,3.58,0,9,1
55.64,5.1,0,10,1
3.23,69.48,5,0,0
43.43,3.07,1,4,1
1.91,132.81,6,0,0
1.5,284.75,6,0,0
5.47,63.95,5,0,0
53.66,6.13,0,22,1
1.74,167.84,5,0,0
3.61,131.14,5,0,0
75.76,16.71,0,21,1
2.53,88.21,7,0,0
6.14,218.29,7,0,0
51.07,15.71,0,24,1
76.58,10.3,0,26,1
1.33,160.97,6,1,0
1.39,176.03,6,0,0
1.32,162.02,9,0,0
3.86,304.64,4,0,0
4.0,236.79,4,0,0
2.68,176.93,11,0,0
3.58,204.35,5,1,0
8.65,203.1,8,1,0
1.19,298.02,8,0,0
2.16,222.91,6,1,0
5.29,116.2,11,0,0
2.76,187.61,5,0,0
4.75,218.31,4,0,0
1.54,134.02,5,0,0
1.57,223.15,2,0,0
5.24,117.65,8,0,0
3.48,101.71,6,0,0
2.84,202.98,3,2,0
4.09,148.26,8,0,0
2.1,237.18,6,0,0
35.75,1.22,0,17,1
5.35,136.71,5,0,0
8.01,121.67,6,0,0
46.06,9.56,0,29,1
4.31,100.51,4,0,0
49.63,6.88,0,25,1
5.74,172.5,7,0,0
61.58,25.71,0,32,1
1.93,132.26,8,0,0
4.58,251.35,5,0,0
9.29,75.31,4,1,0
1.37,161.91,6,1,0
1.0,208.48,7,0,0
2.0,150.3,5,0,0
77.45,19.19,1,13,1
29.66,3.17,0,9,1
1.97,246.22,2,0,0
2.11,239.89,6,0,0
2.85,234.13,4,0,0
0.81,237.36,4,0,0
2.99,107.47,7,0,0
3.97,188.54,7,0,0
71.4,3.9,0,8,1
2.49,147.22,9,0,0
2.06,190.92,8,0,0
4.95,176.83,5,1,0
2.35,67.62,11,0,0
48.57,16.91,0,22,1
6.21,75.38,6,0,0
27.37,22.31,0,31,1
56.51,8.74,0,28,1
3.23,137.4,6,0,0
4.57,181.44,8,0,0
2.09,123.85,5,0,0
36.38,20.38,0,17,1
4.88,197.79,10,0,0
45.51,9.56,0,35,1
2.51,181.94,5,0,0
1.27,192.77,4,0,0
37.56,7.45,0,5,1
100.58,5.83,0,26,1
63.64,7.03,0,11,1
15.0,46.89,8,0,0
3.44,152.52,8,0,0
48.76,20.84,0,19,1
1.29,131.61,6,0,0
56.97,12.41,0,8,1
4.39,139.66,4,0,0
9.44,170.4,9,2,0
28.82,5.76,0,43,1
31.65,14.25,0,17,1
4.62,264.89,4,0,0
4.92,129.69,10,0,0
3.17,135.04,7,0,0
2.88,238.67,6,0,0
32.67,45.0,0,11,1
5.06,274.45,6,0,0
2.04,135.46,4,0,0
1.06,214.23,5,0,0
1.59,268.19,7,1,0
65.54,7.66,0,15,1
3.55,125.05,6,0,0
6.72,223.61,5,0,0
35.6,7.69,0,11,1
6.09,146.14,5,0,0
2.6,220.59,14,0,0
1.59,171.5,7,0,0
7.41,175.73,10,0,0
53.42,2.09,0,16,1
57.6,5.87,0,14,1
3.72,173.51,4,0,0
5.35,76.44,10,0,0
58.28,3.72,0,8,1
3.31,256.47,5,0,0
2.27,252.99,7,0,0
5.55,155.12,4,0,0
3.11,156.78,8,0,0
2.53,64.47,2,0,0
1.06,200.16,7,0,0
3.69,240.13,8,0,0
2.57,185.05,4,0,0
29.8,17.45,0,17,1
5.68,253.84,5,0,0
4.8,153.31,7,0,0
5.57,135.78,4,0,0
1.12,161.99,6,0,0
2.41,69.85,6,0,0
5.33,114.74,5,0,0
6.38,189.53,9,0,0
2.08,143.84,9,0,0
2.92,150.56,7,0,0
57.4,15.0,0,7,1
2.91,166.01,6,0,0
62.47,1.1,0,26,1
2.72,200.19,8,0,0
2.59,302.74,3,0,0
8.05,325.13,5,0,0
72.83,6.36,0,11,1
2.54,158.64,4,0,0
1.49,197.74,10,0,0
55.8,15.54,0,22,1
6.16,236.72,4,0,0
6.57,152.54,5,0,0
37.9,5.47,0,11,1
47.88,12.17,0,9,1
3.77,177.93,9,0,0
6.5,294.7,6,1,0
55.69,1.19,0,14,1
2.41,150.63,4,0,0
3.69,148.76,6,0,0
76.34,15.54,0,26,1
3.6,204.01,6,0,0
56.24,22.22,0,19,1
4.77,249.94,4,0,0
56.72,15.68,0,14,1
7.61,256.0,4,0,0
1.63,187.31,6,0,0
54.81,6.14,0,8,1
6.65,178.69,6,0,0
0.82,232.8,4,0,0
4.12,230.98,7,0,0
6.01,204.41,5,0,0
59.94,1.14,0,20,1
5.65,239.76,6,0,0
2.99,83.62,4,0,0
1.26,141.53,12,0,0
49.44,8.66,0,6,1
43.47,8.75,0,33,1
2.23,77.64,6,0,0
8.78,186.47,6,1,0
72.25,7.31,0,10,1
4.68,275.37,8,0,0
37.62,13.65,0,10,1
2.41,239.66,4,0,0
1.95,200.18,5,0,0
2.05,185.13,10,0,0
2.71,239.82,10,0,0
4.92,141.13,7,0,0
1.86,181.4,6,0,0
23.19,14.95,0,21,1
2.23,162.44,5,0,0
5.38,94.67,8,1,0
11.14,116.04,4,0,0
3.2,134.38,5,0,0
1.83,186.43,6,0,0
2.01,157.48,4,1,0
2.8,202.22,10,0,0
73.23,9.03,0,19,1
30.99,2.99,1,13,1
2.14,92.93,12,0,0
74.37,9.61,0,17,1
3.71,221.62,5,1,0
6.23,188.15,7,0,0
3.02,218.81,4,0,0
2.28,194.11,3,0,0
3.48,267.23,7,0,0
48.96,35.09,0,16,1
4.63,224.41,6,0,0
0.75,157.35,9,0,0
4.37,281.61,14,0,0
27.48,2.17,0,13,1
4.78,226.67,10,0,0
74.22,3.73,0,5,1
1.8,151.2,4,0,0
1.41,165.98,9,0,0
37.14,5.86,0,14,1
4.78,179.69,15,0,0
46.81,7.97,0,17,1
1.91,100.04,4,0,0
4.47,214.19,7,1,0
1.57,106.43,2,0,0
5.7,109.36,12,2,0
6.1,161.58,7,0,0
9.48,281.25,4,0,0
68.49,7.67,0,16,1
2.59,92.37,5,0,0
1.74,276.95,5,0,0
45.76,17.09,0,27,1
112.92,8.39,0,32,1
26.69,3.01,0,29,1
48.42,12.88,0,11,1
36.79,9.39,1,9,1
6.36,218.57,5,0,0
28.6,1.43,0,10,1
2.18,188.36,2,0,0
79.05,2.08,0,6,1
2.53,236.34,7,0,0
1.31,229.35,3,0,0
1.85,140.19,7,0,0
4.19,194.27,9,1,0
2.72,134.98,8,0,0
2.33,229.75,6,0,0
28.35,12.88,0,26,1
48.25,10.31,0,18,1
86.3,2.53,0,48,1
1.6,219.77,2,0,0
1.4,257.05,7,0,0
1.57,198.77,4,1,0
8.15,204.58,4,0,0
2.91,188.52,7,0,0
4.6,294.76,4,0,0
6.24,113.92,10,0,0
79.04,32.29,0,33,1
1.21,219.75,6,0,0
1.22,187.68,6,0,0
4.05,273.47,7,0,0
1.16,165.12,2,0,0
2.56,25.0,9,0,0
2.29,202.16,7,0,0
5.28,214.1,4,0,0
3.01,168.39,13,1,0
9.03,250.8,5,1,0
6.25,168.74,5,0,0
50.08,12.75,0,12,1
35.59,1.33,0,49,1
2.71,186.16,7,0,0
4.22,252.54,6,0,0
1.03,226.62,5,0,0
5.66,194.7,5,0,0
2.51,185.14,6,0,0
1.44,188.61,6,1,0
4.96,195.65,8,0,0
6.38,156.84,3,0,0
6.24,103.71,5,0,0
107.18,2.64,0,16,1
2.74,186.11,5,0,0
30.28,2.02,0,8,1
2.73,168.99,5,0,0
38.69,9.04,0,19,1
6.85,124.49,5,1,0
1.04,178.02,9,0,0
7.69,172.13,5,2,0
4.6,189.01,7,0,0
1.03,228.7,1,0,0
6.27,242.9,2,0,0
60.69,2.47,0,16,1
2.31,299.02,7,0,0
2.65,152.38,5,0,0
58.38,10.77,0,5,1
37.76,1.37,0,11,1
44.18,1.85,0,6,1
2.11,95.83,11,0,0
6.42,116.68,2,0,0
0.92,138.91,7,0,0
3.71,190.93,6,0,0
73.8,7.2,0,12,1
3.99,258.59,3,0,0
0.86,163.03,5,0,0
0.82,173.18,1,0,0
4.11,327.59,5,0,0
1.63,147.39,4,0,0
0.94,164.4,1,0,0
79.16,2.35,0,25,1
2.0,212.53,10,0,0
2.5,181.21,9,0,0
3.05,175.01,7,0,0
38.31,21.94,0,13,1
0.87,137.6,7,0,0
60.5,36.87,0,14,1
41.41,5.83,0,34,1
4.7,212.4,6,0,0
2.81,220.0,4,1,0
1.93,110.72,6,0,0
59.15,3.7,0,32,1
68.47,8.59,0,19,1
1.73,191.72,10,0,0
3.59,203.93,7,0,0
1.97,208.8,5,0,0
4.03,138.29,7,0,0
2.25,244.08,5,0,0
10.07,234.66,1,0,0
2.41,234.14,8,0,0
2.23,38.97,8,0,0
1.72,203.72,6,0,0
5.07,159.3,3,0,0
55.07,1.86,0,23,1
4.05,202.36,3,0,0
67.84,4.41,0,16,1
40.31,3.62,0,7,1
4.95,99.3,9,0,0
2.98,203.78,6,0,0
29.68,4.32,0,8,1
1.03,178.31,10,0,0
84.2,7.9,0,35,1
87.3,21.82,0,13,1
3.27,240.92,5,0,0
6.23,220.41,3,0,0
61.65,2.32,0,19,1
7.52,183.23,7,0,0
28.39,2.81,0,12,1
1.01,191.7,9,0,0
10.69,228.55,7,0,0
6.08,299.02,4,0,0
3.81,55.72,7,0,0
78.79,4.06,0,8,1
2.22,141.43,4,0,0
7.3,180.71,3,0,0
2.11,235.69,6,0,0
48.31,18.11,0,15,1
1.77,183.39,5,0,0
2.88,217.41,3,0,0
6.73,174.7,6,0,0
3.05,137.16,7,0,0
2.35,176.56,3,0,0
4.57,112.07,6,0,0
51.26,7.56,0,15,1
48.08,1.44,0,10,1
40.64,2.12,0,18,1
49.77,3.68,0,8,1
73.7,17.83,0,20,1
51.38,7.16,1,8,1
35.64,2.48,0,23,1
3.34,146.69,7,0,0
91.82,17.15,0,11,1
2.17,184.88,10,1,0
1.61,151.48,6,0,0
5.12,93.21,3,0,0
0.81,114.64,7,0,0
6.61,149.54,8,0,0
3.71,134.28,3,0,0
3.4,207.66,7,0,0
5.85,271.2,6,0,0
53.82,2.22,1,23,1
4.12,292.26,2,0,0
0.61,173.19,5,1,0
2.94,134.96,5,0,0
68.44,21.09,0,11,1
2.69,220.94,8,0,0
2.5,169.68,4,0,0
65.95,14.18,0,25,1
1.44,211.4,3,0,0
2.12,309.38,8,0,0
2.62,351.91,6,0,0
2.26,280.78,6,1,0
4.05,188.93,3,0,0
2.11,201.71,7,0,0
3.5,207.07,9,0,0
2.67,349.45,4,1,0
7.64,138.48,7,0,0
2.43,216.42,7,0,0
0.71,184.91,3,0,0
4.13,116.61,6,0,0
56.19,1.77,0,13,1
3.55,194.17,8,0,0
4.39,195.04,6,0,0
3.71,191.1,3,0,0
0.71,172.22,9,0,0
2.07,214.27,4,0,0
4.61,182.64,5,0,0
1.76,199.97,9,0,0
1.45,169.22,5,0,0
6.67,154.17,7,1,0
95.97,20.75,0,7,1
3.46,269.73,6,0,0
51.36,1.81,0,21,1
3.36,68.5,11,0,0
1.76,216.96,4,0,0
42.83,1.52,0,8,1
11.09,180.86,5,0,0
2.44,110.81,7,0,0
7.19,147.34,9,0,0
4.1,222.39,8,0,0
65.11,2.65,0,36,1
49.05,12.87,0,21,1
2.34,166.59,4,0,0
34.17,4.69,0,14,1
46.15,2.29,0,9,1
1.85,95.46,8,0,0
54.57,21.79,0,18,1
3.46,112.14,3,0,0
40.07,3.33,0,10,1
1.1,203.01,9,0,0
4.89,184.1,11,0,0
38.26,1.39,0,27,1
4.97,94.51,7,0,0
52.09,2.44,0,32,1
102.04,45.0,0,13,1
35.69,3.25,0,11,1
1.09,145.37,6,0,0
5.33,109.57,4,0,0
34.52,4.08,0,10,1
1.79,116.64,3,0,0
0.95,175.01,6,0,0
1.08,116.22,7,0,0
4.73,147.24,3,0,0
4.08,202.52,11,0,0
2.59,261.21,7,0,0
3.27,179.9,3,0,0
5.08,156.15,9,0,0
3.83,272.16,6,0,0
3.64,119.92,6,0,0
1.26,187.24,5,0,0
1.82,140.96,5,0,0
1.3,133.5,9,0,0
1.42,160.55,4,0,0
25.91,8.8,0,22,1
1.03,157.93,12,1,0
4.03,134.04,4,1,0
1.78,169.23,3,0,0
6.55,156.4,6,0,0
5.34,309.55,7,0,0
39.82,1.15,1,28,1
46.58,1.57,0,12,1
5.39,73.92,8,0,0
67.79,17.82,0,11,1
1.55,145.31,1,0,0
1.99,53.73,5,0,0
2.39,213.99,7,0,0
64.14,5.89,0,19,1
1.84,131.46,6,0,0
35.87,6.69,0,20,1
4.6,159.4,7,0,0
26.11,3.9,0,7,1
1.33,202.88,6,2,0
66.99,5.38,0,20,1
6.78,118.87,6,1,0
6.3,235.38,9,0,0
48.22,10.11,0,14,1
5.02,90.73,5,0,0
4.07,267.7,8,0,0
52.11,7.13,0,29,1
57.21,14.65,0,18,1
3.46,238.67,10,0,0
5.34,124.14,9,0,0
45.7,5.73,0,34,1
1.45,176.95,12,0,0
61.28,9.26,0,21,1
5.93,167.1,4,0,0
3.99,182.67,7,0,0
5.55,165.01,7,0,0
5.63,211.97,6,0,0
2.18,102.74,5,0,0
5.15,149.04,4,0,0
2.2,224.12,5,0,0
2.87,260.56,8,0,0
107.26,2.93,0,7,1
7.84,196.16,6,0,0
56.84,4.6,0,9,1
0.71,217.52,11,1,0
33.24,5.28,0,22,1
32.55,5.32,1,23,1
1.37,157.2,6,0,0
5.05,199.85,10,0,0
1.07,242.89,12,1,0
3.8,200.19,6,0,0
56.35,5.25,0,13,1
6.51,270.86,8,0,0
3.32,144.33,5,0,0
2.4,169.59,5,0,0
44.93,6.58,0,21,1
62.2,2.84,0,41,1
7.36,178.91,5,0,0
3.65,159.85,8,0,0
51.72,5.55,0,45,1
3.97,205.86,6,0,0
63.35,11.68,0,18,1
2.69,242.64,8,0,0
4.16,159.63,8,0,0
3.4,138.81,5,0,0
1.94,132.24,7,0,0
76.5,15.24,0,11,1
4.35,269.08,6,0,0
40.87,23.74,0,10,1
31.84,4.13,0,21,1
4.85,391.74,7,0,0
1.69,156.69,5,0,0
4.48,326.47,3,0,0
4.02,204.0,2,0,0
1.68,199.62,7,0,0
1.07,152.92,8,0,0
8.93,174.82,5,0,0
0.63,146.47,13,0,0
3.84,114.08,3,0,0
1.69,44.83,6,0,0
3.02,97.68,5,1,0
44.82,5.04,0,8,1
28.88,5.47,0,16,1
6.11,212.88,6,0,0
1.28,238.21,7,0,0
39.48,7.72,0,13,1
68.98,10.36,0,17,1
8.84,175.35,6,0,0
64.27,4.13,0,36,1
65.72,6.93,1,10,1
48.65,14.26,0,9,1
3.15,194.7,8,0,0
3.78,103.78,3,0,0
7.47,221.45,5,0,0
4.11,119.68,4,0,0
6.98,226.88,6,0,0
4.42,170.72,3,1,0
1.59,141.06,6,1,0
30.01,6.08,1,9,1
4.31,137.6,7,1,0
3.83,166.47,8,0,0
2.67,248.19,9,0,0
5.25,110.16,4,0,0
48.63,2.26,1,14,1
33.03,2.78,0,8,1
51.75,1.89,0,6,1
2.64,221.21,5,0,0
3.14,231.84,6,0,0
1.83,225.54,3,0,0
4.54,25.0,8,0,0
2.96,200.34,3,0,0
1.78,109.21,7,0,0
72.8,20.82,0,9,1
40.19,10.05,0,15,1
2.26,275.52,3,0,0
40.63,1.9,0,6,1
55.68,6.79,0,9,1
2.39,129.4,4,0,0
3.38,189.08,5,1,0
6.35,162.06,6,0,0
1.43,132.95,6,0,0
5.1,100.66,8,1,0
5.59,143.34,4,0,0
54.23,1.06,0,8,1
1.53,223.63,9,0,0
1.9,285.19,6,0,0
50.72,3.19,0,27,1
2.47,171.57,5,0,0
1.44,98.03,10,0,0
1.86,166.32,6,0,0
3.72,184.66,6,0,0
2.03,307.26,7,0,0
2.1,172.04,15,0,0
29.77,1.96,0,16,1
26.57,16.21,0,13,1
3.16,157.98,7,0,0
3.52,311.14,10,0,0
1.52,183.3,7,0,0
1.68,195.83,10,0,0
1.19,190.12,4,0,0
4.13,187.45,6,0,0
8.75,180.13,7,0,0
2.03,188.11,1,0,0
45.66,6.94,0,30,1
2.07,202.37,4,0,0
5.99,193.44,7,1,0
5.44,270.92,3,0,0
5.98,157.88,5,0,0
5.86,161.64,5,1,0
4.27,148.09,11,0,0
51.22,2.17,0,8,1
6.03,154.22,7,0,0
73.45,13.35,0,12,1
4.77,134.25,8,0,0
0.57,115.46,4,0,0
43.63,4.12,0,15,1
2.53,101.53,6,0,0
1.16,198.27,7,0,0
38.91,1.04,0,8,1
4.1,214.44,5,0,0
3.03,192.47,9,0,0
0.75,281.86,7,0,0
0.8,96.05,6,0,0
2.01,109.83,5,1,0
4.85,142.45,2,0,0
42.12,1.73,0,13,1
1.24,25.0,5,0,0
0.96,218.39,8,0,0
65.08,2.29,0,14,1
5.82,141.5,4,0,0
8.68,246.73,6,0,0
1.2,67.02,1,0,0
3.81,184.88,6,0,0
2.91,137.55,5,0,0
6.12,222.2,9,0,0
1.68,171.78,11,0,0
1.43,216.55,4,1,0
1.8,230.22,9,2,0
46.28,1.95,0,31,1
3.36,244.51,7,0,0
40.79,2.81,0,24,1
1.82,214.41,10,0,0
67.57,22.55,0,8,1
66.43,9.28,0,17,1
43.96,18.97,0,15,1
4.32,200.53,9,0,0
1.37,212.67,9,0,0
47.97,1.26,0,8,1
1.06,237.92,4,0,0
40.44,5.83,1,22,1
6.96,237.48,9,0,0
53.17,2.76,0,25,1
5.82,231.81,7,1,0
47.8,13.87,0,40,1
1.54,120.81,7,0,0
1.96,151.44,7,0,0
52.22,15.98,0,23,1
64.23,4.06,0,9,1
5.99,204.43,3,0,0
3.5,208.8,8,0,0
1.55,142.28,1,0,0
1.92,164.19,6,0,0
2.12,99.19,11,0,0
7.67,186.21,3,1,0
59.31,9.84,0,9,1
31.05,10.13,0,14,1
2.0,118.87,10,0,0
2.87,124.26,5,0,0
73.59,12.93,0,43,1
42.35,10.22,0,14,1
67.26,3.62,0,30,1
2.82,82.49,6,0,0
4.61,310.31,9,0,0
54.32,3.53,0,11,1
3.18,253.73,5,0,0
6.5,51.51,9,1,0
3.12,157.36,4,0,0
5.55,190.53,5,0,0
0.98,144.64,7,0,0
38.51,13.35,0,24,1
2.43,74.51,5,0,0
150.0,11.67,0,9,1
37.27,6.09,0,20,1
3.64,198.38,6,0,0
36.43,27.02,0,28,1
39.91,2.86,0,26,1
3.49,74.74,4,0,0
5.34,69.58,8,0,0
3.47,206.8,5,0,0
40.9,6.85,1,16,1
1.65,88.18,8,0,0
51.51,12.62,0,24,1
56.4,19.29,0,16,1
6.19,188.79,7,0,0
3.66,312.64,3,0,0
1.62,193.21,3,0,0
2.05,299.52,5,0,0
7.52,247.27,5,0,0
3.08,249.86,5,0,0
4.68,113.6,7,0,0
2.01,184.34,8,0,0
5.08,165.36,4,0,0
5.69,130.48,10,0,0
4.03,113.2,10,0,0
3.17,156.53,5,0,0
5.51,237.74,6,0,0
0.96,232.74,3,0,0
4.31,162.77,7,0,0
1.66,203.26,8,0,0
60.84,9.16,0,37,1
3.39,158.8,2,0,0
6.06,231.43,4,0,0
2.36,154.26,7,0,0
46.28,2.77,0,26,1
4.13,168.65,3,0,0
2.06,131.85,3,0,0
1.54,134.01,7,1,0
0.85,187.58,9,0,0
75.97,9.5,0,16,1
3.84,127.35,3,0,0
28.21,14.61,0,11,1
84.74,1.25,0,39,1
1.02,214.86,7,0,0
1.11,138.86,8,0,0
41.64,3.68,0,25,1
2.93,185.42,14,0,0
6.42,205.23,3,0,0
3.28,315.24,5,0,0
5.24,189.44,3,0,0
2.84,56.08,7,0,0
42.96,14.06,0,28,1
50.56,4.39,0,9,1
4.31,173.21,7,0,0
7.71,98.15,9,0,0
51.99,3.37,0,15,1
5.26,161.42,4,0,0
57.98,2.82,0,12,1
3.17,155.71,1,0,0
1.2,143.95,6,0,0
55.71,8.86,0,16,1
3.91,136.09,6,0,0
31.43,16.14,0,17,1
2.12,100.42,8,0,0
28.3,4.85,0,20,1
1.75,175.43,5,0,0
59.17,1.39,0,19,1
39.44,2.3,0,21,1
5.39,189.95,6,0,0
3.07,167.09,3,1,0
0.98,162.13,5,0,0
66.71,18.35,0,14,1
64.49,2.35,0,31,1
59.06,2.4,0,8,1
47.19,15.06,0,18,1
7.84,155.17,5,1,0
4.48,270.3,5,0,0
3.15,238.8,7,1,0
42.95,3.6,0,18,1
0.72,266.13,9,0,0
3.84,76.66,5,1,0
9.18,175.91,4,0,0
11.56,156.84,5,0,0
7.45,188.87,5,0,0
0.83,312.59,5,0,0
81.57,9.84,0,13,1
52.25,7.18,0,18,1
42.31,2.95,1,25,1
2.0,221.68,6,0,0
3.43,166.92,1,0,0
0.69,90.92,7,0,0
3.01,182.25,4,0,0
2.29,158.56,4,0,0
3.62,196.13,6,0,0
2.61,210.11,4,0,0
1.36,147.72,5,0,0
2.35,184.68,8,0,0
39.83,4.94,0,10,1
1.88,204.3,5,0,0
3.39,162.72,11,0,0
1.81,148.74,5,0,0
63.9,4.05,0,17,1
2.99,147.67,5,0,0
2.96,220.9,9,0,0
2.2,197.87,6,0,0
4.3,145.26,3,0,0
5.06,149.0,10,0,0
45.72,14.84,0,19,1
4.02,228.8,8,0,0
61.0,19.34,0,36,1
3.46,203.16,5,0,0
3.6,134.42,5,0,0
50.87,14.18,0,9,1
2.12,117.86,2,0,0
7.96,203.33,8,0,0
2.89,159.41,9,0,0
5.43,132.72,7,0,0
1.47,140.85,8,0,0
100.81,9.26,0,18,1
3.62,217.76,10,0,0
53.76,9.11,1,18,1
5.6,186.87,7,1,0
71.84,5.47,0,20,1
2.19,272.43,4,0,0
5.39,130.2,2,0,0
2.74,152.46,7,0,0
45.64,6.69,0,20,1
41.42,7.36,0,18,1
25.7,6.52,0,12,1
1.39,30.43,4,0,0
1.5,166.74,8,0,0
1.9,244.3,12,0,0
1.27,144.44,3,0,0
4.42,173.01,8,0,0
3.53,187.01,8,0,0
35.24,23.59,0,10,1
4.87,129.76,7,0,0
8.34,224.96,2,1,0
2.73,265.73,5,0,0
51.96,5.25,0,22,1
69.19,12.06,0,21,1
74.45,19.44,0,26,1
5.8,67.5,11,0,0
2.51,322.04,6,0,0
10.48,222.16,4,1,0
3.3,125.97,9,1,0
4.01,141.75,6,0,0
36.96,17.09,0,15,1
47.66,19.85,0,35,1
12.4,217.54,11,0,0
87.19,1.51,0,22,1
7.93,204.49,9,0,0
1.3,128.94,4,0,0
29.41,4.21,0,35,1
1.12,219.81,3,0,0
60.82,27.38,0,12,1
6.56,218.52,8,0,0
54.68,5.78,0,15,1
2.9,171.17,7,0,0
3.65,122.63,7,0,0
2.75,250.73,4,0,0
1.11,288.33,8,0,0
58.26,5.24,0,19,1
1.85,152.57,3,0,0
1.73,118.57,4,0,0
2.8,90.47,4,1,0
5.58,165.22,7,0,0
64.95,7.17,0,23,1
1.92,171.04,6,0,0
4.81,175.9,6,0,0
4.23,214.62,4,0,0
1.89,267.34,6,0,0
1.33,120.72,4,0,0
1.44,198.77,5,0,0
5.0,33.56,4,0,0
1.05,151.81,5,0,0
1.71,159.25,4,0,0
5.98,234.34,12,0,0
1.02,194.85,2,0,0
2.38,191.25,11,0,0
4.35,197.18,4,0,0
7.61,273.62,1,0,0
50.81,2.93,0,22,1
24.02,2.06,0,19,1
2.49,229.21,3,0,0
8.17,303.25,7,0,0
3.07,195.28,4,0,0
10.49,69.1,10,0,0
26.05,9.21,0,10,1
3.21,167.27,6,1,0
1.84,126.2,7,0,0
9.64,175.5,14,0,0
4.52,82.97,7,0,0
5.33,266.18,8,0,0
2.47,78.98,7,1,0
7.0,193.84,7,0,0
1.83,161.86,5,0,0
3.65,317.33,5,0,0
1.52,125.38,3,0,0
0.99,212.18,14,0,0
38.93,18.54,0,43,1
54.97,2.44,0,33,1
3.07,116.05,6,0,0
63.22,1.52,0,37,1
4.54,286.97,4,0,0
1.46,152.69,5,0,0
4.03,199.21,4,0,0
6.11,172.36,9,0,0
2.62,135.59,4,0,0
4.49,169.9,5,0,0
3.89,280.63,4,0,0
2.65,118.51,5,0,0
2.59,204.0,5,0,0
56.97,7.69,1,7,1
3.16,163.07,1,0,0
1.81,232.13,2,0,0
30.04,4.66,0,12,1
8.71,175.09,10,0,0
